letter,received_date,permanent_job_losses,company,begin_date,temporary_job_losses,end_date,reason,workforce_area,dropdown,contact,reduced_hours,location,furloughs,workforce_region,naics,occupations,at_the_location,phone,fein,jobs,notice_date,email
Wanzek Construction,1/3/23,666,Wanzek Construction,1/3/23,0,1/3/23,Sudden Contract Loss,Pueblo,,,0,,0,,Sector 23: Construction,Various construction positions,,,,666,1/3/23,
Gymshark,1/16/23,67,Gymshark,3/10/23,0,3/24/23,Ceasing Operations in some areas of the company,Denver,,,0,,0,,Sector 31: Manufacturing,Not Stated,,,,67,1/9/23,
Specialized Bicycle Components,1/1123,15,Specialized Bicycle Components,1/13/23,0,1/13/23,Downsizing,Boulder,,,0,,0,,Sector 42: Wholesale Trade,"Software developer, Acct Mgr, e-commerce, mktg, pgm mgr",,,,15,1/11/23,
DCP Midstream,1/31/23,136,DCP Midstream,3/31/23,0,4/1/24,Not Stated,Denver,,,0,,0,,Sector 22: Natural Gas Distribution,Not Stated,,,,136,1/25/23,
Curaleaf,1/31/23,47,Curaleaf,3/26/23,0,3/26/23,RIF/Change in Business,Pueblo,,,0,,0,,Sector 32: Manufacturing,Various (see WARN letter),,,,47,1/26/23,
Pinnacle Architectural Lighting,2/1/23,151,Pinnacle Architectural Lighting Inc.,6/30/23,0,3/1/24,Restructuring & Reorganization,Denver,,,0,,0,,Sector  541490: Other Specialized Design Services,Electrical Assemblers & Varous,,,,151,2/1/23,
Covercraft Industries,2/14/23,49,Covercraft Industries LLC,4/14/23,0,4/14/23,Closure,Arapahoe/Douglas,,,0,,0,,Sector 1: 314910: Textile Bag and Canvas Mills,Not Stated,,,,49,2-9-23,
WiX 2-15-23,2/15/23,62,WIX.com,2/15/23,0,2/15/23,Unforseen Business Circumstances,Denver,,,0,,0,,"Sector 51,5182: Data Processing Hosting & Related Services",Various: See WARN,,,,62,2/15/23,
Chipper Cash,2/16/23,49 (5 in CO),Chipper Cash,02/17/23,0,2/17/23,Not Stated,Various,,,0,,0,,Sector 51: Information,Various: See WARN,,,,5,2/16/23,
SSI Venture-Aspen Sports,3/2/23,69,SSI Venture/Aspen Sports (Aggregated),5/1/2023,0,11/1/23,Strategic Business Decision,RR (Aspen),,,0,,0,,"Sector:45,451 : Sporting Goods",Various: See WARN,,,,,2/27/23,
SSI Venture-Aspen Sports,3/2/23,,Aspen Sports Hyatt Retail Store,,,,,,,,,,,,"Sector:45,451 : Sporting Goods",,,,,4,2/27/23,
SSI Venture-Aspen Sports,3/2/23,,Aspen Sports Snowmass Mall,,,,,,,,,,,,"Sector:45,451 : Sporting Goods",,,,,13,2/27/23,
SSI Venture-Aspen Sports,3/2/23,,Aspen Sports St. Regis Retail,,,,,,,,,,,,"Sector:45,451 : Sporting Goods",,,,,9,2/27/23,
SSI Venture-Aspen Sports,3/2/23,,Aspen Sports Viewline Retail,,,,,,,,,,,,"Sector:45,451 : Sporting Goods",,,,,4,2/27/23,
SSI Venture-Aspen Sports,3/2/23,,Aspen Sports Snowmass Retail Store,,,,,,,,,,,,"Sector:45,451 : Sporting Goods",,,,,3,2/27/23,
SSI Venture-Aspen Sports,3/2/23,,Aspen Sports Demo,,,,,,,,,,,,"Sector:45,451 : Sporting Goods",,,,,5,2/27/23,
SSI Venture-Aspen Sports,3/2/23,,Aspen Sports Tune - Snowmass,,,,,,,,,,,,"Sector:45,451 : Sporting Goods",,,,,6,2/27/23,
SSI Venture-Aspen Sports,3/2/23,,Aspen Sports Valet - Snowmass,,,,,,,,,,,,"Sector:45,451 : Sporting Goods",,,,,3,2/27/23,
SSI Venture-Aspen Sports,3/2/23,,Burton Telluride Retail,,,,,,,,,,,,"Sector:45,451 : Sporting Goods",,,,,5,2/27/23,
SSI Venture-Aspen Sports,3/2/23,,Neve Sports - Telluride,,,,,,,,,,,,"Sector:45,451 : Sporting Goods",,,,,10,2/27/23,
SSI Venture-Aspen Sports,3/2/23,,Patagonia Snowmass,,,,,,,,,,,,"Sector:45,451 : Sporting Goods",,,,,7,2/27/23,
SSI Venture-Aspen Sports,3/2/23,,Telluride Sports Camel's Garden,,,,,,,,,,,,"Sector:45,451 : Sporting Goods",,,,,8,2/27/23,
SSI Venture-Aspen Sports,3/2/23,,Telluride Sports - Cimarron Lodge,,,,,,,,,,,,"Sector:45,451 : Sporting Goods",,,,,10,2/27/23,
SSI Venture-Aspen Sports,3/2/23,,Telluride Sports - Franz Klammer,,,,,,,,,,,,"Sector:45,451 : Sporting Goods",,,,,14,2/27/23,
SSI Venture-Aspen Sports,3/2/23,,Telluride Sports - Gondola Plaza,,,,,,,,,,,,"Sector:45,451 : Sporting Goods",,,,,10,2/27/23,
SSI Venture-Aspen Sports,3/2/23,,Telluride Sports Main Street,,,,,,,,,,,,"Sector:45,451 : Sporting Goods",,,,,16,2/27/23,
SSI Venture-Aspen Sports,3/2/23,,Telluride Sports - The Peaks,,,,,,,,,,,,"Sector:45,451 : Sporting Goods",,,,,4,2/27/23,
SSI Venture-Aspen Sports,3/2/23,,The North Face - Snowmass,,,,,,,,,,,,"Sector:45,451 : Sporting Goods",,,,,6,2/27/23,
SSI Venture-Aspen Sports,3/2/23,,The North Face - Telluride Retail,,,,,,,,,,,,"Sector:45,451 : Sporting Goods",,,,,4,2/27/23,
Friday Health Plans,3/1/23,98,Friday Health Plans,4/30/23,0,4/30/23,Reduction in Business,Rural Consortium (Alamosa) & Denver,,,0,,0,,"Sector 52,411: Direct Life, Health & Med Insurance",Various: See WARN,,,,98,3/1/23,
Aspiration,3/24/23,4 (of 178),Aspiration Partners Inc.,5/26/2023,0,6/1/23,Restructing and streamlining,"Denver, Broomfield",,,0,,0,,Sector:55 Management of Companies & Enterprises,Various (See WARN),,,,4,3/24/23,
Laramar Group LLC,3/30/23,76,Laramar Group LLC,P1: 6/1/23 P2: 7/14/23,0,P1: 6/15/23 & P2: 7/28/23,Not stated,"Denver, Broomfield",,,0,,0,,Sector 53: Real Estate and Rental & Leasing,Various (See WARN),,,,76,3/30/23,
Prescient LLC,4/2/23,50,Prescient LLC,3/31/2023,0,12/31/23,Mass layoff,Jefferson,,,0,,0,,Sector 33: Manufacturing,Not Stated,,,,50,3/31/23,
David's Bridal,4/14/23,138,David's Bridal,Multi Phase (See WARN),0,Multi phase (See WARN),Bankrupcy,Multi area,,,0,,0,,Sector 44: Retail Trade,Various (See WARN),,,,138,4/14/23,
MV Transportation,4/28/23,198,MV Transportation,6/30/23,0,6/30/23,Not specified,Denver,,,0,,0,,Sector 48: Transportation & Warehousing,"Drivers, Dispatchers, Admin, Utility Worker",,,,198,4/27/23,
Via Mobility Services,5/22/23,120,Via Mobility Services,7/1/2023,0,7/1/23,Loss of Contract,Denver,,,0,,0,,Sector 48: Transporation and Warehousing,"Administrative support, operatives,  & service workers.",,,,120,5/1/23,
Davids Bridal Update,5/24/23,138,Davids Bridal (Update),6/23/23,0,6/30/23,Bankrupcy,Multi area,,,0,,0,,Sector 44: Retail Trade,Various (See WARN),,,,138,5/24/23,
Amentum,5/26/23,19,Amentum,7/27/2023,0,7/28/2023,Closure (Phase 1),Pueblo,,,0,,0,,"Sector: 56,2910: Remediation Services","Engineers, Maintenace Planners/Supervisors, Technicans*",,,,19,5/26/23,
Hard Rock Cafe,5/30/23,54,Hard Rock Cafe International STD,7/29/2023,0,7/29/23,Closure,Denver,,,0,,0,,Sector 72: Accommodation & Food Services,Restaurant workers,,,,54,5/30/23,
Davids Bridal Update,6/12/23,138,Davids Bridal (Update),8/20/2023,0,9/2/2023,Bankrupcy,Multi Area,,,0,,0,,Sector 44: Retail Trade,Not disclosed,,,,138,6/12/23,
Gannett Pueblo Chieftain,6/13/23,50,Gannett (Pueblo Chieftian),8/14/2023,0,8/14/23,Closure of production & distribution operations,Pueblo,,,0,,0,,Sector 2022: Publishing,Production positions (see WARN),,,,50,6/13/23,
Bitwise Industries,6/14/23,13,Bitwise Industries,8/14/2023,0,8/14/23,Mass layoff,Multi Area,,,0,,0,,"Sector 54: Professional, Scientific, & Technical Services",Multiple (See WARN),,,,13,6/14/23,
Friday Health Plans Update 6-19-23,6/19/23,323,Friday Health Plans Update (6-19-23),6/23/2023,0,7/6/23,Mass Layoff,"Rural Consortium, Denver",,,0,,0,,"Sector 52, 411 Direct Life Health & Medical Insurance",Rural Consortium and Denver,,,,323,6/19/23,
Autism Home Support Srvs Greeley,6/20/23,70,Autism Home Support Services (Greeley),8/21/2023,0,9/19/23,Mass Layoff,Weld,,,0,,0,,"Sector 62,1600: Home Healthcare Services",Multiple (See WARN),,,,70,6/20/23,
Autism Home Support Svs Westminster,6/20/23,68,Autism Home Support Services (Westminster),8/21/2023,0,9/19/23,Mass Layoff,Adams,,,0,,0,,"Sector 62,1600: Home Healthcare Services",Multiple (See WARN),,,,68,6/20/23,
Autism Home Support Services Centennial,6/20/23,101,Autism Home Support Services (Centennial),8/21/2023,0,9/19/21,Mass Layoff,ADWorks,,,0,,0,,"Sector: 62,1600 Home Healthcare Services",Multiple (See WARN),,,,101,6/20/23,
Davids Bridal Update 6-29-23,6/29/23,138,Davids Bridal Update 6-29-23,7/17/2023,0,7/31/23,Mass Layoff,Multi-Area,,,0,,0,,Sector 44: Retail Trade,Bankrupcy,,,,Date Change,6/29/23,
Community Development Institute Head Start,6/30/23,120,CDI HS (Community Development Institute Head Start),8/31/2023,0,8/31/33,Mass Layoff,"Rural Consortium, Denver",,,0,,0,,Sector 62: Health Care and Social Assistance,Rural Consortium,,,,120,6/30/23,
Amentum,7/3/23,27,Amentum,8/31/2023,0,8/31/23,Reduction in Force (End Project),Rural Consortium  (Pueblo),,,0,,0,,"Sector: 56,2910: Remediation Services",Multiple (See WARN),,,,27,7/3/23,
Bank of the West,7/11/23,56,Bank of the West,9/15/2023,0,9/15/23,Reduction in Force (End Project),Adams,,,0,,0,,"Sector 52,2110: Commercial Banking",Not specified in WARN,,,,56,7/11/23,
Namaste Alzheimer Center,7/20/23,64,Namast√© Alzheimer Center,10/1/2023,0,10/1/23,Closure,Pikes Peak,,,0,,0,,Sector: 62: Healthcare and Social Assistance,Medical Professionals (see WARN),,,,64,7/20/23,
DePuy Spine Limited Partnership,7/24/23,15,DePuy Spine Limited Partnership (Johnson & Johnson),9/22/2023,0,10/5/2023,"Reduction in Force Ending manufacuring, quality & distribution",Pikes Peak,,,0,,0,,"Sector 42,2450: Medical, Dental, Hospital & Supplies Merchant Wholesaler","Materials Handling, Inspector, Operators",,,,15,7/24/23,
Novembal,7/28/23,Unknown,Novembal,9/30/2023,0,1/31/24,Closure,Unknown (possibly rural & remote),,,0,,0,,"Sector 32: Manufacturing; 32,6121 Unlaminated Plastics Profile Shape Manufacturing",Unknown,,,,Unknown,7/28/23,
Yellow Corporation,8/1/23,"22,000*",Yellow Corporation & Operating Affiliates,7/30/2023,0,7/30/23,Closure,Unknown,,,0,,0,,"Sector 48,4121: General Freight Trucking Long Distance Truckload",Not specified in WARN,,,,331,7/30/23,
See WARN for Yellow Corporation,8/1/23,*,YRC Inc dba YRC Freight,7/30/23,0,,,Unknown,,,0,,0,,"Sector 48,4121: General Freight Trucking Long Distance Truckload",,,,,Unknown,7/30/23,
See WARN for Yellow Corporation,8/1/23,*,USF Holland,7/30/23,0,,,Unknown,,,0,,0,,"Sector 48,4121: General Freight Trucking Long Distance Truckload",,,,,Unknown,7/30/23,
See WARN for Yellow Corporation,8/1/23,*,New Penn Motor Express LLC,7/30/23,0,,,Unknown,,,0,,0,,"Sector 48,4121: General Freight Trucking Long Distance Truckload",,,,,Unknown,7/30/23,
See WARN for Yellow Corporation,8/1/23,*,"USF Reddaway, Inc.",7/30/23,0,,,Unknown,,,0,,0,,"Sector 48,4121: General Freight Trucking Long Distance Truckload",,,,,Unknown,7/30/23,
KeHE,8/2/23,24,"KeHe Distributors, Inc.",11/3/2023,0,11/3/23,Contract loss,Arapahoe/Douglas,,,0,,0,,"Sector 42: Wholesale Trade, 42,4490 Merchant Wholesaler, Non Durable Goods",Not disclosed,,,,24,8/2/23,
DePuy Spine Limited Partnership,8/7/23,10,DePuy Spine Limited Partnership (Johnson & Johnson),10/6/2023,0,10/19/23,Mass Layoff,Arapahoe/Douglas,,,0,,0,,"Sector 42,2450: Medical, Dental, Hospital & Supplies Merchant Wholesaler",Material Handling Distribution Operators 2&3,,,,10,8/7/23,
Astra Space Ops,8/7/23,61,Astra Space Operations,8/4/2023,0,8/4/23,RIF,Unknown,,,0,,0,,Sector 33: Manufacturing,See WARN for details.,,,,61 (all locations)*,8/7/23,
Federal Express,8/9/23,94,Federal Express - Colorado Springs,11/3/2023,0,11/3/23,Closure,Pikes Peak,,,0,,0,,Sector 49: Transportation and Warehousing,"Couriers, Service Agents, Handlers and Operations Leads",,,,94,8/9/23,
Federal Express,8/10/23,53,Federal Express  - Pueblo,11/3/2023,0,11/3/23,Closure,Pueblo,,,0,,0,,Sector 49: Transportation and Warehousing,See WARN for details,,,,53,8/10/23,
Amentum,8/11/23,14,Amentum,10/12/2023,0,10/12/23,Closure (completion of milestone),Pueblo,,,0,,0,,"Sector: 56,2910: Remediation Services",See WARN for details,,,,14,8/11/23,
Ouray Sportsware,8/18/23,2,Ouray Sportsware - L2 Brands,10/17/2023,0,12/31/23,Closure,Arapahoe/Douglas,,,0,,0,,Sector 45: Retail Trade,See WARN for details.,,,,154,8/18/23,
Immunity Bio Inc.,8/18/23,59,Immunity Bio Inc.,10/17/2023,0,10/17/23,Streamline Operations,Unknown,,,0,,0,,"Sector 54: Professional, Scientific, & Technical Services",See WARN for details. (Note updated CO specifc # is 11 employees impacted).,,,,59 (all locations)*,8/18/23,
Chevron,8/25/23,Unknown,Chevron USA,10/31/2023,0,10/31/23,Restructuring following acquisition,"Denver, Weld",,,0,,0,,"Sector 32,4110: Petroleum Refineries",Not specified,,,,199 Max * (most all will be offered jobs),8/25/23,
PSSI,8/29/23,110,Packers Sanitation Services (PSSI),10/26/2023,0,10/26/23,Contract ending,Rural Consortium,,,0,,0,,Sector: 562212 - Solid Waste Landfill,Not specified,,,,110,8/29/23,
Aktiv Pharma,8/29/23,70,Aktiv Phama,8/25/23,0,8/25/23,,Larimer & Rural Consortium,,,0,,0,,Sector 33: Manufacturing/Pharmaceuticals,,,,,70,8/29/23,
Prescient,8/31/23,60,Prescient LLC,8/31/23,0,8/31/23,Closure,Jefferson,,,0,,0,,Sector 33: Manufacturing,Not specified,,,,60,8/31/23,
American Nursery Services,9/12/23,25,American Nursery Services,12/31/23,0,12/31/23,Closure,Unspecified,,,0,,0,,Sector 44: Retail Trade,Not specified,,,,25,9/5/23,
Divvy Homes Inc.,9/8/23,10,Divvy Homes Inc.,11/7/23,0,11/7/23,,Unspecified,,,0,,0,,Sector 52: Finance & Insurance,"Sales asset Mgmt, escrow and engineer positions",,,,10 in CO / 95 total all states,9/7/23,
Amentum,9/15/23,21,Amentum,11/17/23,0,11/17/23,Completion of Project Milestone 4,Pueblo,,,0,,0,,"Sector: 56,2910: Remediation Services","Operators, technicians, transporter coordinator, scheduler",,,,21,9/15/23,
First Savings Bank,9/29/23,2,First Savings Bank,11/30/23,0,11/30/23,Reduction in Force,Remote workers,,,0,,0,,Sector: 52: Finance & Insurance,Mortgage Banking Outside Mortgate & Mortgage Banking Underwriter,,,,135 (2 in CO),9/29/23,
Gannett-Pueblo Chieftain Update,10/2/23,,Gannett (Pueblo Chieftian) - Update,,,,,,,,,,,,Sector 2022: Publishing,,,,,2 employees extended until 10/15/23,10/2/23,
Pfizer,10/3/23,Not Stated,Pfizer,12/4/23,0,12/4/23,Reduction in Force,Boulder,,,0,,0,,Sector 32: Manufacturing,Not stated,,,,Not stated,10/3/23,
SMX Cargo LLC,10/11/23,84,SMX Cargo LLC,12/17/2023,0,12/17/2023,,Denver,,,0,,0,,561320/ Temporary Help Services,,,,,84,10/9/23,
Cygnus Home Services dba Yelloh,10/25/23,51,Cygnus Home Service dba Yelloh,12/15/23,0,12/15/23,Closure,"Pikes Peak, Arapahoe/Douglas, Denver, Larimer",,,0,,0,,"72,2330: Mobile Food Service","Various including route sales people, material handlers, service operation",,,,51,10/25/23,
DePuy Spine LP,10/30/23,67,Depuy Spine LP (Johnson & Johnson),12/29/23,0,1/11/23,Closure,Pikes Peak (El Paso),,,0,,0,,"Sector 42,2450: Medical, Dental, Hospital & Supplies Merchant Wholesaler","Assembly/Packaging, Material Handling, Operations, Production, Warehouse",,,,67,10/30/23,
,,,,,,,,,,,,,,,,,,,,* Unknown total in Colorado,,
DPI Specialty Foods,,122,DPI Specialty Foods,5/10/22,0,5/10/22,Loss of Service Contract,Adams,,,0,,0,,Sector 42: Wholesale Trade,"Field Sales Reps, Merchandisers Vacation Relief Associates, Reset Specialist",,,,122,3/11/21,
513 Hotel Operating,,160,513 Hotel Operating,12/31/21,0,12/31/21,Sale of Company,Pikes Peak/Teller,,,0,,0,,Sector 72: Accomodation & Food Services,Various,,,,160,12/30/21,
Good Samaritan,,143,Good Samaritan - Bonell Community,3/5/22,0,3/5/22,Closure,Weld,,,0,,0,,Sector 62: Healthcare & Social Assistance,Healthcare workers,,,,143,1/3/22,
Twitter Boulder,,87,Twitter (Boulder),1/4/2023,0,1/4/23,Not disclossed,Boulder,,,0,,0,,Sector 51: Information 519290 Web Search Portals & Other Info Services,"Various: First Mid line Mgrs (14), Professionals (70), Sales workers (1), Admin (2)",,,,87,1-4-22,
American Financing,,194,American Financing Company,11/18/2022,0,12/23/22,Unforeseeable business circumstances,AdWorks,,,0,,0,,Sector 522310 : Mortgage and Nonmortgage Loan Brokers,Not provided,,,,194,1-16-22,
Zillow Group,,36,Zillow Group - Supplemental,1/3/22,0,3/21/22,Closure,ADWorks,,,0,,0,,Sector 53: Real Estate Rental & Leasing,Not stated,,,,36,1/20/22,
Zillow Group,,39,Zillow Group - Supplemental,3/21/22,0,4/18/22,Closure,ADWorks,,,0,,0,,Sector: 53: Real Estate Rental & Leasing,Not stated,,,,39,2/17/22,
Ready Responders Inc.,,1,Ready Responders Inc.,2/1/22,0,2/16/22,Not disclosed,Not Disclosed,,,0,,0,,Sector 62 Healthcare  & Social Services,Director Product Security,,,,1,2/18/22,
Watsonville Community Hospital,,Unknown,Watsonville Community Hospital,5/16/22,Unknown,5/23/22,Closure,Rural Consortium (Salida),,,0,,Unknown,,Sector 62: Healthcare & Social Assistance,Not stated,,,,Unknown,3-17-22,
Zillow Group,,44,Zillow Group - Supplemental,1/2/22,0,5/20/22,Closure,ADWorks,,,0,,0,,Sector 53: Real Estate Rental & Leasing,Not stated,,,,44,3/21/22,
Cripple Creek,,0,Cripple Creek Care Center,3/3/2022,0,7/30/2022,Closure,Pikes Peak/Teller,,,9,,0,,Sector 62: Healthcare & Social Assistance,Health care professionals,,,,9,4/15/2022,
Sparboe Farms,,0,Sparboe Farms,05/04/22,95,6/2/22,Closure (Temporary),Weld,,,0,,0,,"Sector: 11: Agriculture, forestry, fishing & hunting",Various (See WARN),,,,95,5/2/22,
Watsonville Community Hospital,,658,Watsonville Community Hospital (Update),7/14/22,0,7/21/22,Closure (Sale of Business),Rural Consortium (Salida),,,0,,0,,Sector 62: Healthcare & Social Assistance,Various (See WARN),,,,658,5/11/22,
,,10,All Money Financial Group,9/26/2024,0,9/26/22,COVID/Pandemic,Denver,,,0,,0,,Sector 52: Finance and Insurance,Not stated,,,,10,6/1/2022,
Total Energy Solutions,,0,Total Energy Solutions,6/13/2022,6,6/24/22,Lost funding,PikePeak/Teller,,,0,,0,,Sector 22: Utilities,Not stated,,,,6,6/13/22,
Integrated Health,,144,"Integrated Health Services at Colorado Springs, Inc.",8/22/2022,0,8/22/2022,Closure,Pikes Peak/Teller,,,0,,0,,Sector 62: Healthcare & Social Assistance,Health care professionals,,,,144,6/23/2022,
Vivage,,144,Vivage,8/22/2022,0,8/22/22,Closure,Pikes Peak/Teller,,,0,,0,,Sector 62: Healthcare & Social Assistance,"RN, LPN, C.N.A, Dining Aides, Activity Aides, Housekeepers, Laundry Aides, Central Supply, HR, Business Office Manager, AP Specialist",,,,144,6/23/22,
Watsonville Community Hospital (Update),,673,Watsonville Community Hospital (Update),8/17/2022,0,8/31/2022,Closure (Sale of Business),Rural Consortium (Salida),,,0,,0,,Sector 62: Healthcare & Social Assistance,Various (See WARN),,,,673,7/11/2022,
HSS Inc.,,230,HSS Inc.,9/1/2022,0,9/30/22,Loss of Contract w/City of Denver,Denver,,,0,,0,,Sector 56: Administrative and Support and Waste Management and Remediation Services,See WARN,,,,230,7/12/22,
Metco Arvada,,60,Metco Landscaping (Arvada),7/28/22,0,7/28/22,Unforseen Business Circumstance,Jefferson,,,0,,0,,Sector 561730: Landscaping,See WARN,,,,60,8/1/22,
Metco Aurora HQ,,165,Metco Landscaping (Aurora HQ),7/28/22,0,7/28/22,Unforseen Business Circumstance,ADWorks,,,0,,0,,Sector 561730: Landscaping,See WARN,,,,165,8/1/22,
Metco Aurora,,44,Metco Landscaping (Aurora),7/28/22,0,7/28/22,Unforseen Business Circumstance,ADWorks,,,0,,0,,Sector 561730: Landscaping,See WARN,,,,44,8/1/22,
Metco Colo Springs,,36,Metco Landscaping (Colo Springs),7/28/22,0,7/28/22,Unforseen Business Circumstance,El Paso,,,0,,0,,Sector 561730: Landscaping,See WARN,,,,36,8/1/22,
Metco Englewood,,38,Metco Landscaping (Englewood),7/28/22,0,7/28/22,Unforseen Business Circumstance,ADWorks,,,0,,0,,Sector 561730: Landscaping,See WARN,,,,38,8/1/22,
Chord Energy,,104,Chord Energy,12/1/2022,0,6/30/2023,Merger wth Whiting & Oasis,Denver,,,0,,0,,Sector: 22 Utilities 118 Other Electrical Power Generators,Various (See WARN),,,,104,9/29/22,
Platerra,,121,Platerra Foods,11/30/2022,0,12/20/22,Closure - Cease Operations,"Denver, Boulder",,,0,,0,,"Sector 31, 311: Food Manufacturing",Not stated,,,,121,9/29/22,
Starry Inc.,,41,Starry Inc.,10/21/2022,0,10/21/22,Business Changes,ADWorks,,,0,,0,,Sector 51: Information,Various (See WARN),,,,41,10/20/22,
Astra Space inc.,,1 (of 72 in CO),Astra Space Inc.,11/9/2022,0,11/9/22,Refocus business operations,Pikes Peak/Teller,,,0,,0,,Sector 336414: Guided Missile and Space Vehicle Manufacturing,Various (See WARN),,,,72 (1 in CO),11/9/22,
,,1,Rume Health,1/20/2023,0,1/20/23,Unknown,Denver,,,0,,0,,Sector 62:Healthcare & Social Assistance,Trainer,,,,1,11/21/22,
Twitter Supplemental,,38 (resigned voluntarily),Twitter (Boulder) Supplemental,1/20/2023,0,1/20/23,Voluntary Resignation,Boulder,,,0,,0,,Sector 51: Information 519290 Web Search Portals & Other Info Services,Various (See WARN),,,,38 (voluntarily resigned),11/25/22,
Inscripta,,43,Inscripta,,0,,Closure/Reduction in Force,Boulder,,,0,,0,,"Sector 54: Professional, Scientific Services",Various (See WARN),,,,43,12/2/22,
Centura Porter Place,,55,Centura Porter Place,2/17/2023,0,2/17/23,Closure of Retirement Center,Denver,,,0,,0,,Sector 62: Healthcare & Social Assistance,Various (See WARN),,,,55,12/14/22,
Wanzek Construction,,666,Wanzek Construction,1/3/2023,0,1/3/23,Cancellation of Contract,Pueblo,,,0,,0,,Sector 23: Construction,Unknown,,,,666,1/3/23,
,,,,,,,,,,,,,,,,,,,,2857,TOTAL,
,,3,SSDI,4/21/2019,2,4/21/2021,Other,,4,,,,4,,Sector 81: Other services (except public administration),SSDI,,,,,4/21/2019,
,,0,Monkey's Avatar,9/15/2020,2,12/31/2020,COVID/Pandemic Related,,Administrative,,,,0,,Sector 56: Administrative and support and waste management and remediation services,Monkeys Avatar,,,,,9/1/2020,
,,1,Haley A Jackson,10/1/2020,0,10/1/2021,COVID/Pandemic Related,,House cleaning,,,,0,,"Sector 54: Professional, scientific and technical services",Haley Jackson,,,,,10/1/2020,
,,0,Southwest Airlines - Update,N/A,0,N/A,Layoffs Rescinded,,556 furloughs were rescinded,,,,0,,Sector 48: Transportation & Warehousing,Southwest Airlines Update,,,,,1/8/2021,
,,76,Strive Communities Management,3/15/21,0,3/28/21,Closure due to sale,,Various: See WARN,,,,0,,Sector:53: Real Estate Rental & Leasing/531190,Strive Communities Management,,,,,1/14/21,
,,107,Concentrix,3/31/21,0,3/31/21,Closure,,Not dislclosed,,,,0,,Sector 51: Information,Concentrix,,,,,1/25/21,
,,10,United Airlines,3/31/21,0,3/31/21,COVID-19 Decrease in air travel,,"Front line employees, management & administration positions",,,,983,,Sector 48: Transportation & Warehousing,United Airlines,,,,,1/29/21,
,,280,Vestas Blades America Inc.,4/17/21,0,4/17/21,Reduction in Force,,Not dislclosed,,,,0,,Sector 22: Utilities/Wind Electric Power Generation,Vestas Blades America,,,,,2/17/21,
,,93,Crestview Management LLC/Columbia Sussex Management,4/1/21,0,4/1/21,Change of Management Company,,Not disclosed,,,,0,,Sector 53: Real Estate Rental & Leasing / 531311- Residential Property Managers,Crestview Management LLC,,,,,2/18/21,
,,107,Johnson & Wales University,5/4/21,0,5/4/21,Closure,,Not dislclosed,,,,0,,Sector: 61 Educational Services,Johnson & Wales University,,,,,2/18/21,
,,87,Orion Logistics LLC - Amazon Delivery Service Partner,12/27/2020,2,2/27/2021,Other,,Delivery Drivers,,,,0,,Sector 48-49: Transportation and warehousing,Orion Logistics,,,,,2/22/2021,
,,44,PomeroyTechnologies,4/30/21,0,4/30/21,RIF: Loss of contract,,Various:See WARN,,,,0,,Sector 42: Consumer Electronics & Computers Retail,Pomeroy Technologies,,,,,2/26/21,
,,3,Hill,1/17/2019,3,3/11/2021,COVID/Pandemic Related,,3,,,,3,,Sector 72: Accommodation and food services,Hill,,,,,3/11/2021,
,,417,Santander Consumer USA,12/31/21,0,12/31/21,Restructuring  & Closure,,"Primarily collections agents, customer service representatives and management",,,,0,,Sector 55:  Management of companies & enterprises,Santander Consumer USA,,,,,3/23/21,
,,400,"Novartis Gene Therapies, Inc.",7/9/21,0,7/29/21,Closure of facility,,Not disclosed,,,,0,,Sector 32: Manufacturing/pharmaceutical preparation manufacturing,Novartis,,,,,3/24/21,
,,252,TTECH Services Corporation,6/26/21,0,7/10/21,Closure,,Hourly customer service positions,,,,0,,Sector 51: Information,TTECH Services Corporation,,,,,4/13/21,
,,5,ART Asset Adjusters,4/23/21,0,4/23/21,Loss of Business/COVID related,,"Asset Services, data services, and recovery agents",,,,0,,Sector 56: Asset Adjusters,ART Asset Adjusters,,,,,4/23/21,
,,233,ABM,5/31/21,0,5/31/21,Loss of contract,,"Cleaner, leads, floor techs, district manager, zone manager & administration positions",,,,0,,Sector 56: Facilities Support Services,ABM,,,,,5/6/21,
,,287,T. Rowe Price,8/1/21,0,8/1/21,Other,,Various:See WARN,,,,0,,Sector 52: Investment Banking and Securities Dealing,T. Rowe Price,,,,,5/19/21,
,,102,Katerra Inc.,6/4/21,0,8/5/21,Closure,,"Various: Project engineers, apprentices, carpenters, construction managers, Foremen",,,,0,,Sector 23: Construction,Katerra Inc.,,,,,6/1/21,
,,-,Katerra Inc. Update Supplemental,6/4/21,0,8/5/21,Seeking alternative financing that may impact layoffs,,"Various: Project engineers, apprentices, carpenters, construction managers, Foremen",,,,0,,Sector 23: Construction,Katerra Inc. Supplemental,,,,,6/3/21,
,,0,T&H Services LLC,8/5/2021,50,8/6/2021,Other,,Unsure of total impact at this time - Government Budget impacts are not completely apparent,,,,50,,Sector 23: Construction,T&H Services LLC,,,,,6/4/2021,
,,89,"Computer Task Group, Inc",8/31/2021,0,8/31/21,Other,,"Customer Service Representatives (85), Account Manager (1), Staff Support Manager (2), Director (1)",,,,0,,"Sector 54: Professional, scientific and technical services",Computer Task Group,,,,,6/22/2021,
,,-,Katerra Inc. Update Supplemental2,6/4/21,0,8/5/21,Seeking sale or purchase,,"Various: Project engineers, apprentices, carpenters, construction managers, Foremen",,,,0,,Sector 23: Construction,Katerra Inc. Supplemental 2,,,,,7/2/21,
,,85,Walmart Store #6177,7/23/21,0,10/8/21,Closure,,Not stated,,,,0,,Sector 45: Retail Trade,Walmart,,,,,7/6/21,
,,0,"Process Solutions of Durango, Inc.",7/15/2021,0,12/31/2021,COVID/Pandemic Related,,Not disclosed,,,,2,,Sector 31-33: Manufacturing,Process Solutions,,,,,7/15/2021,
,,434,United Airlines Update,10/19/21,0,11/2/21,Outsourcing,,Food service workers,,,,0,,Sector 48: Transportation & Warehousing,United Airlines Update,,,,,7/30/21,
,,8,Continuum of Colorado,10/2/2021,0,10/2/21,Closure,,Direct Support Professional,,,,0,,Sector 81: Other services (except public administration),Continuum of Colorado,,,,,8/2/2021,
,,4,The beez kneez organic gardens,7/20/2020,2,5/1/2021,COVID/Pandemic Related,,Gardeners and landscapers,,,,0,,Sector 81: Other services (except public administration),Beez Kneez,,,,,8/15/2021,
,,5,Continuum of Colorado,11/8/2021,0,11/8/21,Closure,,Direct Support Professional,,,,0,,Sector 81: Other services (except public administration),Contiuum of Colorado,,,,,9/7/2021,
,,9,Continuum of Colorado,11/8/2021,0,11/8/21,Closure,,Direct Support Professionals,,,,0,,Sector 81: Other services (except public administration),Continuum of Colorado,,,,,9/7/2021,
,,56,Crestone Peak Resources LLC,10/15/2021,0,10/15/2021,Acquisition of Company,,All,,,,0,,"Sector 21: Mining, quarrying and oil and gas extraction",Crestone Peak Denver,,,,,9/9/2021,
,,90,Crestone Peak Resources LLC,10/15/2021,0,10/15/2021,Acquisition of Company,,All,,,,0,,"Sector 21: Mining, quarrying and oil and gas extraction",Crestone Peak Weld,,,,,9/9/2021,
,,13,Crestone Peak Resources LLC,10/15/2021,0,10/15/2021,Acquisition of Company,,All,,,,0,,"Sector 21: Mining, quarrying and oil and gas extraction",Crestone Peak ADW,,,,,9/9/2021,
,,3,Moore Bros,9/13/2021,0,9/13/2021,COVID/Pandemic Related,,Selling and building,,,,3,,Sector 23: Construction,Moore Bros,,,,,9/13/2021,
,,12,First Nation Group,10/7/21,0,11/5/2021,Unforeseeable Business Circumstances,,Unknown,,,,0,,Sector 42: Wholesale Trade Durable Goods,First Nation,,,,,10/7/2021,
,,20,Zillow Group,1/3/22,0,12/31/22,Eliminating Zillow Offers Line of Business,,Unknown,,,,0,,Sector 53: Real Estate Rental & Leasing,Zillow Group,,,,,11/4/21,
,,1,Zillow Group Update 11-18-21,1/17/22,0,1/17/22,Eliminating Zillow Offers Line of Business,,Unknown,,,,0,,Sector 53: Real Estate Rental & Leasing,Zillow Group Update 11-18-21,,,,,11/18/21,
,,83,Ouray Silver Mines,12/22/21,0,12/22/21,Unforeseeable Business Circumstances,,"Mine, surface, maintenance, warehouse, mill accounting, technical, environmental",,,,0,,"Sector 21: Mining, Quarrying, and Oil & Gas Extraction",Ouray Silver Mine,,,,,11/22/21,
,,94,HSS Inc.,12/31/21,0,12/31/21,Unforeseeable Business Circumstances,,"Security Agents and Officers, supervisors, and scheduler",,,,0,,Sector 62: Healthcare and Social Assistance,HSS Inc.,,,,,11/29/21,
,,"61 total, 4 in CO",Monitronics International- Brinks Home,10/10/21,0,10/10/21,Eliminating Field Operations,,Field Sales & Management,,,,0,,Sector 561621: Security Systems Services,Monitronics International - Brinks Home,,,,,12/20/21,
,,160,513 Hotel Operating LLC,12/31/21,0,12/31/21,Sale of Company,,Various hotel staff (See WARN for details),,,,0,,Sector 72: Accomodation and food services,513 Hotel Operating LLC,,,,,12/30/21,
Avis Budget Group,,,,8/31/20,,,COVID 19 Extended Furlough,ADW,,,,,3,,53,"Account Manager, Analyst Q&A, Local Sales Market Manager",,,,3,8/31/2020,
ABM,,,ABM,4/10/2020,178,,COVID - Temporary,Denver,,,,,,,56,"Various: Supervisor, Administrative Assistant, Shuttle Driver and Bus Attendants",,,,178,6/30/2020,
Airport Mgmt Services & Hudson Group,,22,Airport Management Services & Hudson Group,10/1/20,23,,"COVID 19 - 22 permanent, 23 temporary",Denver,,,,,,,48,"Service Associates including stock and warehouse, Supervisors; 22 permanent, 23 Temporary",,,,45,9/8/2020,
Alamo Drafthouse Littleton - Update,,,Alamo Drafthouse Cinema Littleton - Update,8/17/20,72,,COVID - Temporary,Arapahoe/Douglas,,,,,,,72,Not disclosed,,,,87,8/17/2020,
Alamo Drafthouse Sloans Lake Update,,,Alamo Drafthouse Cinema Sloans Lake Update,8/17/20,87,,COVID - Temporary,Denver,,,,,,,72,Not disclosed,,,,87,8/17/2020,
Alamo Westminster Update,,,Alamo Drafthouse Cinema Westminster  - Update,8/17/20,87,,COVID - Temporary,Adams,,,,,,,72,Not disclosed,,,,87,8/17/2020,
Alamo Rent-A-Car,,,Alamo Rent-A-Car,4/3020,67,,Mass Layoff - Permanent,Denver,,,,,,,53,"Various: Customer Service Agent, Service Agent, DOT Bus Driver, Exit Booth, Greeter",,,,67,4/30/2020,
Alsco,,,Alsco,3/20/20,,,Furlough,Denver,,,,,85,,81,"Production, Route Sales Representatives",,,,85,3/20/2020,
American Airlines,,2,American Airlines,10/1/20,,,"COVID-19 - 2 Permanent, 107 Temporary Fulough",Denver,,,,,107,,48,Not Disclosed,,,,109,7/15/2020,
American Pathology Partners,,154,American Pathology Partners and APP-UniPath,1/6/21,,,Permanent,Denver,,,,,,,62,"Logistics, histology, accessioning, molecular services, cytology, administration, sales, client relations, hospital services, clinical services",,,,154,11/6/2020,
Ameristar - Update,,58,Ameristar Casino Resort & Spa Black Hawk,11/1/20,,,COVID - Permanent,Jefferson,,,,,,,72,Various,,,,58,8/28/2020,
Ameristar Casino Resort Spa,,117,Ameristar Casino Resort Spa,9/15/2020,,,Mass Layoff- Permanent,Gilpin/Jefferson,,,,,,,72,Not disclosed,,,,117,6/11/2020,
Anheuser-Busch,,71,Anheuser- Busch - Loveland,12/4/2020,,,Sale of Company,Larimer,,,,,,,31,"Various: sales, drivers and more",,,,71,9/29/2020,
Anheuser-Busch,,59,Anheuser-Busch - Colo springs,12/4/2020,,,Sale of Company,Pikes Peak,,,,,,,31,"Various: drivers, drivers, merchandiser, and more (see WARN)",,,,59,9/29/2020,
Anheuser-Busch,,220,Anheuser-Busch - Denver,12/4/2020,,,Sale of Company,Denver,,,,,,,31,"Various: analysts business development, marketing, driver, mechanics and more (see WARN)",,,,220,9/29/2020,
Anheuser-Busch,,50,Anheuser-Busch - Littleton,12/4/2020,,,Sale of Company,Arapahoe/Works,,,,,,,31,"Various: analysts, drivers, sales, warehouse and more (see WARN)",,,,50,9/29/2020,
Antlers Wyndham Hotel,,8,"Antlers, a Wyndham Hotel",9/10/20,20,,"COVID 19 - 8 permanent, 20 temporary",Pikes Peak,,,,,,,72,"Sales admin, barista, line cook, restaruant manager, security officer, bartender, valet gift shop attendant, server, steward and others. 288 permanent, 20 temporary",,,,28,9/10/2020,
Aqua,,,Aqua Hot Heating Systems,3/26/20,,,Furlough,Weld,,,,,10,,33,Various,,,,10,4/13/2020,
Arabelle,,,Arabelle at Vail Square,Not available,17,,COVID - Temporary,Rural Resort,,,,,,,72,17 EMPLOYEES TOTALING 99,,,,17,5/4/2020,
Aramark Coors Field,,,Aramark at Coors Field,Unknown,71,,COVID-Temporary,Denver,,,,,,,72,Various,,,,71,10/16/2020,
Aramark Mission Ballroom,,,Aramark at Mission Ballroom,Unknown,904,,COVID-Temporary,Denver,,,,,,,72,Various,,,,904,10/16/2020,
Arapahoe Fitness,,,Arapahoe Fitness LLC,3/31/20,,,Furlough,Arapahoe/Dougless,,,,,97,,71,"Managers, Trainers, Front Desk, Member Sales, Instuctors",,,,97,3/31/2020,
Arrabelle at Vail,,,Arrabelle at Vail Square,4/6/20,82,,COVID-19 Temporary Closure,Rural Consortium,,,,,,,72,Unspecified,,,,82,4/6/2020,
Aurora Health & Fitness,,,Aurora Health & Fitness,3/31/20,,,Furlough,Arapahoe/Dougless,,,,,52,,71,"Managers, Trainers, Front Desk, Member Sales, Instuctors",,,,52,3/31/2020,
Avis Budget Group,,,Avis Budget Group (ADW - Englewood),8/31/20,,,COVID 19 Extended Furlough,ADW,,,,,2,,53,Technicians,,,,2,8/31/2020,
Avis Budget Group,,,Avis Budget Group (Denver),8/31/20,,,COVID 19 Extended Furlough,Denver,,,,,2,,53,"Sales Performance Manager, Territority Performance Manager",,,,2,8/31/2020,
Avis Budget Group,,260,Avis Budget Group/Avis Budget Car Rental,3/13/20,,,Fulough and Permanent,Denver,,,,,,,53,"Agents, Customer Service Reps, Associate Rental Sales, Administrative, mechanic, shuttlers etc.",,,,260,4/10/2020,
Barcelona Wine Bar,,,Barcelona Wine Bar,3/18/20,69,,COVID-19: Mass Layoff,Denver,,,,,,,72,Not Disclosed,,,,69,5/2/2020,
Bartaco,,,Bartaco,3/21/20,53,,Mass Layoff- Temporary,Boulder,,,,,,,72,Not disclosed,,,,53,4/1/2020,
Basic Energy Srvs,,51,Basic Energy Services,4/15/20,,,Permanent,Rural Consortium - Eastern Sub-Area,,,,,,,21,Various: Managers & Supervisors,,,,51,4/15/2020,
Basic Energy Services,,26,Basic Energy Services (Updated),4/23/20,,,Permanent,Ft. Morgan,,,,,,,21,"Equipment Operators, Mechanics, Field Supervisor, Welder, Staff Assistant",,,,26,4/23/2020,
Basic Energy Update,,26,Basic Energy Services (Updated),4/23/20,,,Permanent,Rural Consortium - Eastern,,,,,,,21,"Equipment Operators, Mechanic, Field Supervisor-Pumping Services, Machinist, Welder, Staff Assistant",,,,26,4/23/2020,
Beaver Creek,,,Beaver Creek Resort,4/6/20,297,,COVID-19 - Temporary Closure,Rural Consortium,,,,,,,72,Unspecified,,,,297,4/6/2020,
Beaver Creek Resort,,,Beaver Creek Resort,Not available,26,,COVID - Temporary,Rural Resort,,,,,,,72,26 ADDITIONAL tOTALING 323,,,,26,5/4/2020,
Bed Bath & Beyond,,,Bed Bath & Beyond,4/4/20,,,COVID-19 - Furloughs,Araphaoe/Douglas,,,,,98,,44,Not Disclosed,,,,98,4/17/2020,
Bicycle Village,,,Bicycle Village,4/6/20,65,,COVID-19 - Temporary Closure,"Multiple: A/D, Boulder, Rural Consortium",,,,,,,45,Unspecified,,,,65,4/6/2020,
Bicycle Village,,,Bicycle Village,Not available,1,,COVID - Temporary,Rural Resort,,,,,,,45,1 ADDITIONAL TOTALING 62,,,,1,5/4/2020,
Bluprint,,137,Bluprint (3 locations),7/22/20,,,Closure - Permanent,Denver,,,,,,,54,"Various: Photographers, Product Managers, Customer Support, Engineers, Editors and Others",,,,137,5/22/2020,
Breckenridge Ski Resort,,,Breckenridge Ski Resort,Not available,24,,COVID - Temporary,Rural Resort,,,,,,,71,24 ADDITIONAL TOTALING 129,,,,24,5/4/2020,
Breckenridge SSBRK,,,Breckenridge SSBRK,Not available,55,,COVID - Temporary,Rural Resort,,,,,,,71,Not Disclosed,,,,55,5/4/2020,
Breckenridge Ski,,,Brekenridge Ski Resort,4/6,105,,COVID-19 - Temporary Closure,Rural Consortium,,,,,,,71,Unspecfiied,,,,105,4/6/2020,
Brown Palace,,,Brown Palance Denver,5/21/20,298,,COVID-19 Temporary,Denver,,,,,,,72,"Various: Cooks, Food Servers, Bussers, Laundry, Banquet Servers, Hostesses and more.",,,,298,5/21/2020,
Rusty Bucket,,,Calimira dba Rusty Bucket Restraunt & Tavern,3/16/20-3/20/20 and 3/21/20-3/31/20,65,,COVID-19/Temporary Closure,Adams,,,,,,,72,Not disclosed,,,,65,3/23/20,
Cameron Mitchell Restaurants AD,,,Cameron Mitchell Restaurants - AD,11/20/20-11/30/20,56,,COVID Temporary,Arapahoe/Douglas,,,,,,,72,"servers, bartenders, managers, cooks, chefs, home office employees, directors and executives",,,,56,12/8/2020,
Cameron Mitchell Restaurants-Denver,,,Cameron Mitchell Restaurants-Denver,11/20/20-11/30/290,70,,COVID - Temporary,Denver,,,,,,,72,"servers, bartenders, managers, cooks, chefs, home office employees, directors and executives.",,,,70,12/8/2020,
Centerplate Sodexo,,,Centerplate Sodexo,12/16/20,276,,COVID - Temporary,Denver,,,,,,,42,Various,,,,276,11/17/2020,
Ft Lupton,,,City of Fort Lupton,4/18/20,,,Furlough,Weld,,,,,78,,92,,,,,78,4/8/2020,
Clear Choice,,,ClearChoice,3/23/20,120,,COVID-19/Temporary Closure,ADWorks,,,,,,,62,55 layoffs and 13 furloughs,,,,120,3/23/2020,
Columbo,,,Colombo,3/29/20,21,,COVID-19 - Temporary Closure,Denver DIA,,,,,,,72,undisclosed,,,,21,3/26/2020,
Colo Athletic Boulder,,,Colorado Athletic Club - Boulder,3/20/20,,,Furlough,Boulder,,,,,186,,79,Not disclosed,,,,186,3/30/2020,
Colorado Athletic - DTC,,,Colorado Athletic Club - DTC,3/20/20,,,Furlough,Arapahoe/Dougless,,,,,115,,79,Not disclosed,,,,115,3/30/2020,
Colorado Athletic Flatiron,,,Colorado Athletic Club - Flatiron,3/20/20,,,Furlough,Boulder,,,,,115,,79,Not disclosed,,,,115,3/30/2020,
Colorado Athletic Inverness,,,Colorado Athletic Club - Inverness,3/20/20,,,Furlough,Arapahoe/Dougless,,,,,135,,79,Not disclosed,,,,135,3/30/2020,
Colorado Athletic Monaco,,,Colorado Athletic Club - Monaco,3/20/20,,,Furlough,Denver,,,,,192,,79,Not disclosed,,,,192,3/30/2020,
Colo Athletic Tabor Ctr,,,Colorado Athletic Club - Tabor Center,3/20/20,,,Furlough,Denver,,,,,144,,79,Not disclosed,,,,144,3/30/2020,
Colorado Athletic Union Station,,,Colorado Athletic Club - Union Station,3/20/20,,,Furlough,Denver,,,,,88,,79,Not disclosed,,,,88,3/30/2020,
Col Fitness Holdings,,,Colorado Fitness Holdings,3/31/20,,,Furlough,Pikes Peak,,,,,59,,79,"Managers, Trainers, Front Desk, Member Sales, Instuctors",,,,59,3/31/2020,
CO Mtn Express,,,Colorado Mountain Express,4/6/20,198,,COVID-19 - Temporary Closure,"Multiple: Rural Consortium, Denver",,,,,,,48,Unspecified,,,,198,4/6/2020,
Colorado Mtn Express,,,Colorado Mountain Express,Not available,13,,COVID - Temporary,Rural Resort,,,,,,,48,Not Disclosed; 13 additional totaling 211,,,,13,5/4/2020,
CO Ski & Golf,,,Colorado Ski & Golf,4/6/20,133,,COID-19 - Temporary Closure,"Multiple: A/D, Pikes Peak, Jeffco",,,,,,,45,Unspeficied,,,,133,4/6/2020,
Colorado Ski and Golf,,,Colorado Ski & Golf,Not available,10,,COVID - Temporary,Rural Resort,,,,,,,45,Not Disclosed; 10 additional totaling 143,,,,10,5/4/2020,
Cox Automotive,,,Cox Automotive,5-17-20,163,,COVID - Temporary,Arapahoe/Douglas,,,,,,,51,Not Disclosed,,,,163,5/8/2020,
Curtis Hotel,,,Curtis Hotel,3/27/20,182,,COVID-19 - Temporary Closure,Denver,,,,,,,72,"Wait staff, bartenders, parking attendants, cooks, front desk, baristas, bellmen, room attendants",,,,182,3/27/2020,
Curtis Hotel Update,,,Curtis Hotel Update,6/5/20 to 6/22/20,,,COVID Permanent,Denver,,,,,136,,72,"Housekeeping, prep cooks, banquet service, baristas, wait staf, bellman,  and more.",,,,136,7/6/2020,
Czarnowski,,,Czarnowski,"5/22/20, 5/26/20, 5/29/20",53,,COVID-Temporary,Denver,,,,,,,54,"Various: 3D Designer, Account Mgr, Admin Graphics, Carpenters, Proj Mgr and more",,,,53,5/15/2020,
Czarnowski - Update,,,Czarnowski - Update,"6/10/20, 6/17/20, 6/22/20, 6/26/20",,,Temporary furloughs,Denver,,,,,9,,54,"Various:  3D Designer, Account Manager, Inventory, Carpenter Inventory Control, CNC Operator, Warehouse, Rental",,,,9,6/5/2020,
Czarnowski Update,,,Czarnowski Update,7/18/20-8/11/20,20,,COVID Temporary,Denver,,,,,,,54,"Account Managers, Carpenters, Accounting Assitants, CAD, data entry Rental CAD, Rental designer and more",,,,20,7/15/2020,
Dave & Busters Denver,,,Dave and Busters Denver,11/8/20,,,COVID 19 Permanent,Denver,,,,,136,,72,Not specified,,,,136,9/8/2020,
Dave & Busters Westminster,,,Dave and Busters Westminster,11/8/20,,,COVID 19 Permanent,Adams,,,,,98,,72,Not specified,,,,98,9/8/2020,
Delaware North Company,,,Delaware North Company,7/28/20,96,,COVID Temporary,Denver,,,,,,,72,"Various: Bartenders Cocktail Servers, Cooks, Utility workers, Stand Attendants, and more",,,,96,7/28/2020,
Deliverol Global,,,Deliverol Global,8/10/20,,,Permanent Mass Layoff (Ending Contract),Denver,,,,,53,,49,"Various: Delivery Associates, Shift and Site Leads",,,,53,8/10/2020,
Del's Diner,,,Dels Diner,3/17/20,14,,COVID-19-Temporary Closure,Rural Consortium,,,,,,,72,"cooks, waitresses, management",,,,14,3/17/2020,
Denver Center for Performing Arts,,,Denver Center for Performing Arts,6/1/20,151,,Mass Layoff -Temporary/Some Permanent,Denver,,,,,,,72,"Various: Ticket Agents, Stage Hands, Office Managers, Production Electricians and Ohters",,,,151,5/27/2020,
Crown Plaza,,,Denver Crown Plaza,3/12/20,,,Furloughs,Denver,,,,,69,,72,"Various: Banquet Servers & Setup, Accounting Clerk, Engineer, Barista, Event Sales, Front Desk and others",,,,69,5/8/2020,
Discovery,,,Discovery Natural Resources,4/8/20 - 5/1/20,,,Furlough,Denver,,,,,28,,21,Not disclosed,,,,28,4/8/2020,
Doubletree 3203 Quebec,,,Double Tree by Hilton Update -3203 Quebec,7/31/20,103,,COVID Temporary,Denver,,,,,,,72,Not disclosed,,,,103,7/31/2020,
Doubletree,,,DoubleTree Colorado Springs,3/16/20,177,,COVID-19 Temporary,Pikes Peak,,,,,,,72,"Various: Accounting Personnel, Sales and Event Managers, Operations Managers, Front Line Supervisors, Shuttle drivers",,,,177,5/15/2020,
Doubletree DTC,,,Doubletree Denver Tech Center,3/13/20,87,,COVID-19 - Temporary Closure,Arapahoe/Douglas,,,,,,,72,Various: Request WARN for detail.,,,,87,4/2/2020,
Doubletree Denver,,27,Doubletree Denver Tech Center,10/22/20,,,COVID-Permanent,Denver,,,,,,,72,Not specified,,,,27,10/20/2020,
Doubletree GJ,,,Doubletree Grand Junction,3/13/20,52,,COVID-19 - Temporary Closure,Mesa,,,,,,,72,Various: Request WARN for detail.,,,,52,4/2/2020,
Dynalectric,,,Dynalectric Company,3/13/20,2,,COVID 19- Temporary Closure,Boulder,,,,,,,23,undisclosed,,,,2,3/27/2020,
Dynalectric,,,Dynalectric Company,3/30/20,1,,COVID-19 - Temporary Closure,Denver,,,,,,,23,Various: Request WARN for detail.,,,,1,4/2/2020,
Dynalectric,,,Dynalectric Company,4/18/20,,,Furlough,Pikes Peak,,,,,1,,23,Not Disclosed,,,,1,4/10/2020,
Earls,,,Earls Restaurants USA Inc.,3/25/20,134,,COVID-19 - Temporary Closure,Denver & Arapahoe/Douglas,,,,,,,72,"servers, dishwashers, cook, bartender, prep, setter dining & lounge, host +",,,,134,3/25/2020,
Embassy Suites,,,Ebassy Suites Denver Downtown,3/19/20,118,,COVID-19 Temporary Closure,Denver,,,,,,,72,Variety of positions - Request WARN for detail,,,,118,3/30/2020,
EcoGen,,,EcoGen Laboratories,6/17/2020 - 7/1/2020,,,Mass Layoff- Permanent,Grand Junction (Mesa),,,,,101,,33,Variety of postions - Request WARN for detail,,,,101,6/19/2020,
EcoGen Labs - Update,,,EcoGen Laboratories - Update,5/26/20-July/22/20,,,COVID Permanent,Mesa,,,,,101,,33,Not specified,,,,101,7/23/2020,
Ecogen Update,,,Ecogen Laboratories Update,7/23/20,,,COVID Permanent,Mesa,,,,,168,,33,Not disclosed,,,,168,7/23/2020,
Einstein Brothers,,,Einstein Brothers,3/29/20,34,,COVID-19 - Temporary Closure,Denver DIA,,,,,,,72,undisclosed,,,,34,3/26/2020,
Electro Rent,,,Electro Rent,,,,COVID Furlough,Boulder,,,,,1,,53,"Electronic Tech, Digital Demand Generation, IT Tech Support, Test Equipment Operator, Equipment Support Techs, Production Operator",,,,1,5/16/2019,
Electro Rent Update,,55,Electro Rent,7/1/20,,,COVID Permanent,Denver,,,,,,,53,"Various: Equipment Support Techs, Electronic Techs, Customer Support Tech, Territory Account Mgrs, and more",,,,55,7/1/2020,
Electronic Recyclers,,,Electronic Recyclers,3/24/20,26,,COVID-19 Temporary Closure,Araphaoe/Douglas,,,,,,,42,"Operators, environmental and Safety, production, truck driver, HR assistant, loss prevention",,,,26,3/25/2020,
Elizabeth Hotel,,,Elizabeth Hotel,3/27/20,111,,COVID-19 - Temporary Closure,Larimer,,,,,,,72,"Wait staff, bartenders, parking attendants, cooks, front desk, baristas, bellmen, room attendants",,,,111,3/27/2020,
,,,Embassy Suites & Hilton Garden Inn Boulder,3/27/20,126,,COVID-19 - Temporary Closure,Boulder,,,,,,,72,Variety of positions - Request WARN for detail,,,,126,3/27/2020,
Embassy Suites Boulder,,,Embassy Suites Boulder -Update,6/13/20,61,,Reinstate and COVID Temporary,Boulder,,,,,,,72,"Various: Cooks, Laundry, Managers, Breakfrast Attendnance and others; REINSTATING 95 AND LAYING OFF 61",,,,61,5/15/2020,
Embassy Suites Colo Springs,,,Embassy Suites by Hilton Colo Springs - Updated,7/1/20,,,COVID-19 Permanent RIF,Pikes Peak,,,,,57,,72,"Various: Banquet Server, Bartenders, Comp Bar, Cooks, Sales, Front Desk, Housekeepers, Maintenance and others",,,,57,6/26/2020,
Embassy Suites Denver,,,Embassy Suites by Hilton Denver Tech North  - Updated,7/1/20,,,COVID-19 Permanent RIF,Denver,,,,,56,,72,"Various: Banquet Server, Bartenders, Comp Bar, Cooks, Sales, Front Desk, Housekeepers, Maintenance and others",,,,56,6/26/2020,
Embassy Suites Denver Downtown Update,,,Embassy Suites Denver Downtown Update,6/29/20,,,COVID Permanent,Denver,,,,,112,,72,"Banquet servers, sales managers, housekeeping room attendants, dishwashers, servers and more",,,,112,6/29/2020,
Enterprise and National Rent-A-Car,,,Enterprise and National Rent-A-Car,4/30/20,,,Mass Layoff - Permanent,Denver,,,,,83,,53,"Various: DOT Bus Drivers, Drivers, Return Agents, Maintenance Techs and others",,,,83,4/30/2020,
,,,AstraZeneca,3/22/19,,,Closure,Boulder & Longmont,,,,,,,,"Quality Control, technicians, engineers & others",,,,210,1/8/2019,
,,,Backflip Studios,12/23/19,,,Closure,Boulder,,,,,,,,"Various: creative roles, management, engineers, product managers",,,,86,10/23/2019,
,,,Brown Brothers Harriman & Co.,11/25/19 - 9/30/20,,,Loss of Contract/Closure,Arapahoe/Douglas,,,,,,,,Various: CPAs CPAs Administrative positions related to investments,,,,136,9/23/2019,
,,,"Conagra Brands, Inc.",5/24/19 - 3/20/20,,,Closure,Boulder,,,,,,,,Not reported,,,,100,2/5/19,
,,,Crothall Healthcare Environmental Services,6/30/19,,,Closure,Arapahoe/Douglas,,,,,,,,"Housekeepers,  Admin, Operations, Patient Ambassadors",,,,283,4/26/2019,
,,,"Energes Services, LLC","10/30/2019, 11/8/2019, 11/22/2019, 11/29/2019",,,Closure,Larimer,,,,,,,,"Various: Construction, Maintenece, Admin",,,,121,10/30/2019,
,,,Geo Reentry Services LLC,3/6/2020,,,Mass Layoff,Pikes Peak (Colo Springs),,,,,,,,"Various: Corrections Personnel (136), Rehabilitation Providers/Therapists (23), General Admin (17), Food Service (6), Medical (14)",,,,196,1/7/2020,
,,,Halliburton Energy Services Inc.,10/7/19,,,Mass Layoff,Mesa,,,,,,,,"Various: Drivers, Service Coordinators, Planners, Material Handlers, Mechanic Technicians, Parts Techs, Coordinators",,,,178,10/7/2019,
,,,HomeAdvisor,1/1/20 to 1/14/20,,,Closure,Pikes Peak,,,,,,,,Various: Predominately Sales Consultants and Project Advisors,,,,229,11-1-19 received 11/19/19 via Local Area/Suthers office,
,,,Invesco (OppenheimerFunds OFI),5/25/19 (thru 18 mo following),,,Downsizing,Arapahoe/Douglas (Centennial),,,,,,,,Not disclosed in WARN,,,,850,3/21/19 (received  3/22/19),
,,,Jagged Peak Energy Inc,Closure 1/10/20- 04/10/20,,,Closure/Sale of Company/Restructuring,Denver,,,,,,,,Various: Request WARN notification for specifics.,,,,92,12/10/2019,
,,,Levy Premium Foodservice LP,9/30/19,,,Loss of Pepsi Center Contract,Denver,,,,,,,,"Various Positions:  Servers (14), Cooks (13), Supervisors (6), Food Runners (4), Cashiers (3) and other positions",,,,56,9/30/2019,
,,,Molson Coors,12/31/19,,,Downsizing,Denver,,,,,,,,Not disclosed in WARN,,,,300,10/30/2019,
,,,National Express Transit (NEXT),6/30/19,,,Closure,Pikes Peak,,,,,,,,"3 Managers and 57 hourly employees including General Manager, Saftety Manager/OPS, Drivers, Dispatchers, Dispatch Reservation Manager, Road Supervisors, Utility Workers, Scheduler, Reservationist",,,,60,3/1/19 (received on 3/22/19),
,,,Nestle USA Inc and Nestle Dreyer's Ice Cream,10/18/19-12/31/19,,,Restructuring/Closure of site,Denver,,,,,,,,"Various: Sales, Delivery Drivers, Merchandisers, Warehouse",,,,56,8/16/2019,
,,,Oakwood Worldwide,12/30/2019,,,Mass Layoff,Denver,,,,,,,,Operations Manager,,,,1,10/29/2019,
,,,PrimeFlight Aviation Services Inc.,9/18/19,,,Loss of Contract with United Airlines,Denver,,,,,,,,"Various positions: Cabin Appearance Staff (380), Inventory Control (17), Operations Managers, & other positions",,,,439,7/15/19 (received 7/16/19),
,,,Pura Vida Fitness & Spa,4/15/19,,,Closure,Denver,,,,,,,,"Managers/Directors, therapists, instructors, & others",,,,134,1/18/2019,
,,,QCData,11/29/19 - 1/31/2020,,,Loss of Contract,Arapahoe/Douglas,,,,,,,,Unknown,,,,40-60,10/4/19,
,,,Resolute Natural Resources Company LLC,3/1/19,,,Merger,Denver,,,,,,,,"Various: administration, engineers, & others",,,,57,1/15/2019,
,,,S4 Inc.,Downsize 1/26/20,,,Loss of Contract,Pikes Peak,,,,,,,,Various: IT positions,,,,77,1/26/2020,
,,,"Sandoz Inc, A Novartis Division (Next Phase)",5/18/19 - 6/1/19,,,Closure,Broomfield,,,,,,,,"Management, Production Technicans, administrative, Material Handlers",,,,56,3/18/2019,
,,,"Sandoz Inc., A Novartis Division (Update)",4/13/19-5/30/19,,,Closure,Broomfield,,,,,,,,"Production Technicians, Chemists, & more",,,,24,1/7/19 & 4/6/2020,
,,,Sandoz-Novartis,7/6/19 - 7/31/19,,,Closure,Broomfield,,,,,,,,"Lead Technicians (5), Equipment Maintenance Tech III (3), Production Technician III (16)",,,,24,7/6/19-7/31/19,
,,,Sandoz-Novartis,9/7/19 - 12/31/19,,,Closure,Broomfield,,,,,,,,"Various positions: Administrative, Chemist, Supply Chain, Production, Quality, Techs, Logistics",,,,67,7/8/2019,
,,,Sandoz-Novartis,10/5/19-12/31/19,,,Closure,Broomfield,,,,,,,,"Various Positions: Logistics Productioins Support, Compliance, Quality Engineer, HR Specialist, Trainer, Management",,,,37,8/5/19,
,,,Sandoz/Novartis (2nd Wave of Layoffs),4/13/19 - 5/19/19,,,Closure,Broomfield,,,,,,,,"Production technicians, chemists, process & others",,,,116,2/11/2019,
,,,Smithfield Fresh Meats Corporation,12/31/19 to 3/26/20,,,Closure,Denver,,,,,,,,"Various: General Labor, Crew Leaders, Equipment Operators, Forklift Operations and others.",,,,68,10/24/19,
,,,Spectrum Pharmaceuticals,4/12/19,,,Divesting Product line/Sale to Acrotech Biopharma,Denver,,,,,,,,"Application system analyst, data compliance officer, VP Sales",,,,3,2/13/2019,
,,,The Inn at Cherry Creek,"3/3/19, 3/31/19",,,Closure (Temporary 18-24 mo),Denver,,,,,,,,"Front office, housekeeping, exec office, engineering & others",,,,18,1/2/2019,
,,,Transform SR LLC (060401 & 01141 Units),12/15/19,,,Change in Business Circumstances,Arapahoe/Douglas,,,,,,,,"Various: Consultative Sales, Managers, Store Support, Fulfillment Center, Cashier, Auto Technicians, Customer Service",,,,80,8/29/2019,
,,,TTEC Services Corporation,10/5/19,,,Ending work-from-home ops,Arapahoe/Douglas,,,,,,,,Primarily Customer Service Agents working in different locations across the U.S.,,,,174,10/5/2019,
,,,Upsher-Smith Laboratories LLC,8/2/19 - 3/31/20,,,Closure,Denver,,,,,,,,"Various postions: Manufacturing Technicians, scientists, engineers, technical services, instrument controls, operations",,,,74,5/10/2019,
,,,Westrock,"3/25/19, 4/24/19, 5/24/19",,,Closure,Arapahoe/Douglas,,,,,,,,"Production workers, auditors, technicians & others",,,,61,3/25/2019,
,,,"WideOpenWest Networks LLC and WideOpenWest Illinois, LLC",3/10/19  (184) & 5/31/19  (19),,,Downsize,Colorado Springs,,,,,,,,"Customer Advocates, Business Tech Sup, Sales Retention Specialists & more",,,,203,1/9/2019,
,,,Zahn Dental,3/9/2020,,,Reorganization and relocation,Jefferson (Golden),,,,,,,,"Various: Customer Care, CAD Scanners, Finishing Technicians, Machine Operators, Finishing Technicians & others",,,,54,1/7/2020,
,,,"Advantage Logistics USA West LLC - Aurora, CO",,,,Closure (Cease Operations),,,,,,,Arapahoe/Douglas,,,,,,272,2/2/2019,
,,,"Advantage Logistics USA West LLC - Fountain, CO",,,,Closure (Cease Operations),,,,,,,Pikes Peak,,,,,,475,2/2/2019,
,,,Ameritrade Holding Company,,,,Reorganization,,,,,,,Adams,,,,,,8,8/9/2018,
,,,AstraZeneca,,,,Closure,,,,,,,Boulder & Longmont,,,,,,210,1/8/2019,
,,,Chipotle Mexican Grill,,,,Closure,,,,,,,Denver,,,,,,399,6/29/2018,
,,,"Conagra Brands, Inc.",,,,Closure,,,,,,,Boulder,,,,,,100,05/24/19 - 3/20/2020,
,,,Conduent Commercial Solutions LLC,,,,Change in business conditions,,,,,,,Pikes Peak,,,,,,410,8/10/2018,
,,,Courtyard Care Center Nursing Home/Family Health West,,,,Closure,,,,,,,Mesa County,,,,,,51,12/1/2018,
,,,Covenant Care at Home,,,,Closure,,,,,,,Adams,,,,,,67,3/6/2018,
,,,CPI Card Group,,,,Closure,,,,,,,Arapahoe/Douglas,,,,,,79,2/12/2018,
,,,Crothall Healthcare/ Patient Transport Dept,,,,Cease operations,,,,,,,Adams,,,,,,65,10/22/2018,
,,,Davita Clinical Research,,,,Other,,,,,,,Jefferson,,,,,,41,2/12/2018,
,,,Davita Clinical Research,,,,Closure,,,,,,,Jefferson,,,,,,41,6/1/2018,
,,,DCT Industrial,,,,Closure,,,,,,,Denver,,,,,,55-59,5/31/2018,
,,,Dex YP,,,,Closure,,,,,,,Arapahoe/Douglas,,,,,,39,7/27/2018,
,,,Dream Center Education Holdings Inc/The Art Institute,,,,Closure,,,,,,,Denver,,,,,,160,6/29/2018,
,,,Dream Center Education Holdings LLC/Art Institute UPDATED to 12/31/18 closure date.,,,,Closure,,,,,,,Denver,,,,,,160,7/20/2018,
,,,First Data - Update 1/2/18,,,,Reduction in Force,,,,,,,Arapahoe Douglas,,,,,,149,1/2/2018,
,,,Fluor,,,,Other-Loss of Contract,,,,,,,Boulder,,,,,,54,1/22/2018,
,,,General Dynamics,,,,Ceasing Operations on a contract,,,,,,,Pikes Peak,,,,,,75,8/1/2018,
,,,General Dynamics Update 8-22-18 - Layoff date changed to 12/31/18,,,,Ceasing operations on a contract,,,,,,,Colorado Springs,,,,,,75,8/22/2018,
,,,Jackson National Life Insurance Company,,,,Closure,,,,,,,Denver,,,,,,370,2/8/2018,
,,,Jackson National Life Insurance Company,,,,Closure,,,,,,,Pikes Peak,,,,,,156,8/13/2018,
,,,Media News Group dba Digital First,,,,Downsize,,,,,,,Pikes Peak,,,,,,107,9/28/2018,
,,,National Planning Holdings,,,,Downsize due to sale,,,,,,,Denver,,,,,,7,1/26/2018,
,,,Northrop Grumman - Update 1/15/18,,,,Other-Loss of Contract,,,,,,,Pikes Peak,,,,,,38,1/15/2018,
,,,Northrop Grumman - Updated 1/2/18,,,,Other - Loss of Contract,,,,,,,Pikes Peak,,,,,,85,1/2/2018,
,,,Peak Reliability,,,,Terminate Operations,,,,,,,Larimer,,,,,,69,1/7/19 & 4/6/2020,
,,,Pura Vida Fitness & Spa,,,,Closure,,,,,,,Denver,,,,,,134,4/15/2019,
,,,Sandoz Inc.,,,,Closure,,,,,,,Broomfield,,,,,,65,2/6/2018,
,,,"Sandoz Inc., A Novartis Division (Update)",,,,Closure,,,,,,,Broomfield,,,,,,24,1/7/19 & 4/6/2020,
,,,Sandoz/Novartis (2nd Wave of Layoffs),,,,Closure,,,,,,,Broomfield,,,,,,116,2/11/2019,
,,,Schneider National Carriers Inc.,,,,Other - Loss of Contract,,,,,,,Arapahoe/Douglas,,,,,,119,2/15/2018,
,,,Scottrade - Ameritrade,,,,Other,,,,,,,Adams,,,,,,63,1/18/2018,
,,,Scottrade - Ameritrade,,,,Downsize,,,,,,,Adams,,,,,,10,5/3/2018,
,,,Spectrum Pharmaceuticals,,,,Divesting Product line/Sale to Acrotech Biopharma,,,,,,,Denver,,,,,,3,2/13/2019,
,,,St. Mary Corwin Medical Center,,,,Downsize,,,,,,,Pueblo,,,,,,272,3/8/2018,
,,,Startek,,,,Downsize,,,,,,,Pikes Peak,,,,,,261,1/31/2018,
,,,Startek Inc.,,,,Reduction in Force,,,,,,,Weld,,,,,,186,8/17/2018,
,,,The Cheesecake Factory,,,,Closure,,,,,,,Boulder,,,,,,96,10/24/2018,
,,,The Inn at Cherry Creek,,,,Closure (Temporary 18-24 mo),,,,,,,Denver,,,,,,18,1/2/2019,
,,,Wells Fargo/Consumer Lending Group Home Equity Fullfillment Group,,,,Closure of Unit,,,,,,,Pikes Peak,,,,,,53,8/23/2018,
,,,Westrock,,,,Closure,,,,,,,Arapahoe/Douglas,,,,,,61,3/25/2019,
,,,"WideOpenWest Networks LLC and WideOpenWest Illinois, LLC",,,,Downsize,,,,,,,Colorado Springs,,,,,,203,1/9/2019,
,,,Williams Field Services Group LLC,,,,Selling assets,,,,,,,Rural (Durango),,,,,,Unknown,7/31/2018,
,,,All Aboard Transit Services - Resubmission 07/27/2017,,,,Loss of Contract,,,,,,,Adams,,,,,,Unknown - Previous submission 117,7/27/2017,
,,,Alorica,,,,Closure,,,,,,,Pikes Peak,,,,,,288,10/30/2017,
,,,CA Concessions of Colorado,,,,Loss of Contract/Downsize,,,,,,,Denver,,,,,,52,12/4/2017,
,,,Cardon Outreach,,,,Closure,,,,,,,Pikes Peak,,,,,,60,1/3/2017,
,,,Conduent Inc.,,,,Downsize,,,,,,,Arapahoe Douglas,,,,,,244,5/19/2017,
,,,Dollar Express,,,,Closure,,,,,,,Various,,,,,,37,3/30/2017,
,,,Express Scripts,,,,Closure,,,,,,,Pueblo,,,,,,338,2/22/2017,
,,,First Data,,,,Reduction in Force,,,,,,,Arapahoe Douglas,,,,,,201,10/13/2017,
,,,First Data - Update 1/2/18,,,,Reduction in Force,,,,,,,Arapahoe Douglas,,,,,,149,1/2/2018,
,,,K-Mart Corporation Store #04332,,,,Closure,,,,,,,Pikes Peak,,,,,,81,1/4/2018,
,,,Lockheed Martin,,,,Reduction in Force,,,,,,,Pikes Peak,,,,,,79,11/1/2017,
,,,Multi Packaging Solutions,,,,Closure,,,,,,,Arapahoe Douglas,,,,,,98,7/25/2017,
,,,National Ecological Observatory Network dba Battelle Ecology,,,,Reduction in Force,,,,,,,Boulder,,,,,,55,11/6/2017,
,,,National Planning Holdings Inc.,,,,Sale of business/Reduction in Force,,,,,,,Denver,,,,,,13,12/14/2017,
,,,National Planning Holdings Inc.,,,,Sale of business/Reduction in Force,,,,,,,Denver,,,,,,42,8/30/2017,
,,,Northrop Grumman,,,,Reduction in Force,,,,,,,Pikes Peak,,,,,,50,11/2/2017,
,,,Northrop Grumman - Updated 1/2/18,,,,Other - Loss of Contract,,,,,,,Pikes Peak,,,,,,85,1/2/2018,
,,,Pinnacle Foods,,,,Closure,,,,,,,Boulder,,,,,,27,1/5/2017,
,,,Savers,,,,Closure,,,,,,,Arapahoe Douglas,,,,,,62,3/2/2017,
,,,TD Ameritrade Holding Corporation,,,,Company Reorganization/Downsize,,,,,,,Adams,,,,,,84,12/6/2017,
,,,TD Ameritrade Holding Corporation,,,,Company Wide Reorganization,,,,,,,Adams,,,,,,32,10/10/2017,
,,,UnitedHealth Group,,,,Downsize,,,,,,,Arapahoe Douglas,,,,,,119,2/15/2017,
,,,UtiliQuest,,,,Loss of Contract/Closure,,,,,,,Tri-County,,,,,,78,12/8/2017,
,,,Verizon/XO Communications,,,,Restructuring,,,,,,,Arapahoe Douglas,,,,,,49,6/27/2017,
,,,Viavi Solutions Inc.,,,,Corporate Restructuring,,,,,,,Pikes Peak,,,,,,61,2/7/2017,
,,,WalMart,,,,Closure,,,,,,,Denver,,,,,,68,1/17/2017,
,,,Walmart Store #1208,,,,Closure,,,,,,,Jefferson,,,,,,153,6/5/2017,
,,,Walmart Store #3020,,,,Closure,,,,,,,Jefferson,,,,,,65,6/5/2017,
,,,Walmart Store #3096,,,,Closure,,,,,,,Boulder,,,,,,74,5/23/2017,
,,,XTO Energy Western Div Office,,,,Closure - Move to other Company locations,,,,,,,Arapahoe Douglas,,,,,,113,6/20/2017,
,,,Zenith Education Group,,,,Closure,,,,,,,Adams,,,,,,27,11/3/2017,
,,,Zenith Education Group,,,,Closure,,,,,,,Pikes Peak,,,,,,26,11/3/2017,
,,,Sports Authority - Lone Tree Store,,,,Closure,,,,,,,Arapahoe/Douglas,,,,,,70,7/13/2017,
,,,SMA America Production LLC,,,,Closure,,,,,,,Denver,,,,,,220,12/31/2016,
,,,Coleman,,,,Closure,,,,,,,Jefferson,,,,,,54,12/20/2016,
,,,MV Public Transportation,,,,Closure,,,,,,,Mesa,,,,,,52,10/21/2016,
,,,Climax Molybdenum Co - Henderson Mine & Mill - REV #5,,,,Revision,,,,,,,Jefferson,,,,,,N/A,10/11/2016,
,,,Swissport,,,,Downsize,,,,,,,Denver,,,,,,187,9/16/2016,
,,,Climax Molybdenum Co - Henderson Mine & Mill - REV #4,,,,Revision,,,,,,,Jefferson,,,,,,200,8/26/2016,
,,,Sports Authority - Store Support Center,,,,Closure,,,,,,,Arapahoe/Douglas,,,,,,144,8/26/2016,
,,,General Dynamics Information Technology,,,,Ceasing certain operations,,,,,,,Pikes Peak/Teller,,,,,,60,8/18/2016,
,,,Lake Region Medical - Layoffs 8-10-16,,,,Closure,,,,,,,Jefferson,,,,,,60,8/10/2016,
,,,Integra,,,,Downsize,,,,,,,Denver,,,,,,59,8/4/2016,
,,,Honeywell Technology Solutions Inc - REV,,,,Potential Downsize,,,,,,,Pikes Peak/Teller,,,,,,210,7/28/2016,
,,,Packaging Corporation of America,,,,Closure,,,,,,,Adams,,,,,,70,7/25/2016,
,,,Excelsior,,,,Closure,,,,,,,Arapahoe/Douglas,,,,,,80,7/20/2016,
,,,Northwest Pipe Company,,,,Selling  Company,,,,,,,Denver,,,,,,65,7/12/2016,
,,,CCA- Kit Carson Correctional Facility,,,,Closure,,,,,,,Western,,,,,,141,7/5/2016,
,,,Xerox State Healthcare,,,,Other,,,,,,,Arapahoe/Douglas,,,,,,85,6/27/2016,
,,,Sports Authority,,,,Closure,,,,,,,Arapahoe/Douglas,,,,,,70,6/23/2016,
,,,Sports Authority,,,,Revision,,,,,,,Arapahoe/Douglas,,,,,,N/A,6/15/2016,
,,,Climax Molybdenum Co - Henderson Mine & Mill - REV#3,,,,Revision,,,,,,,Jefferson,,,,,,N/A,6/14/2016,
,,,Sports Authority,,,,Revision,,,,,,,Arapahoe/Douglas,,,,,,N/A,6/10/2016,
,,,Honeywell Technology Solutions Inc.,,,,Potential Downsize,,,,,,,Pikes Peak/Teller,,,,,,241,6/2/2016,
,,,Sanjel,,,,Closure,,,,,,,Denver,,,,,,54,5/31/2016,
,,,Sanjel,,,,Closure,,,,,,,Weld,,,,,,101,5/31/2016,
,,,Sports Authority,,,,Closing,,,,,,,Arapahoe/Douglas,,,,,,461,5/25/2016,
,,,Gaiam Inc.,,,,Sale of Company,,,,,,,Boulder,,,,,,34,5/11/2016,
,,,DAL Global Services,,,,Downsize,,,,,,,Denver,,,,,,104,5/3/2016,
,,,XIO Technologies,,,,Closure,,,,,,,Pikes Peak/Teller,,,,,,107,4/25/2016,
,,,Lake Region Medical - Layoffs 4/21 and or 4/24/16,,,,Closure,,,,,,,Jefferson,,,,,,19,4/11/2016,
,,,Lake Region Medical - Layoffs 5/19 and/or 5/22/16,,,,Closure,,,,,,,Jefferson,,,,,,26,4/11/2016,
,,,Lake Region Medical - Layoffs 5/5 and/or 5/8/16,,,,Closure,,,,,,,Jefferson,,,,,,31,4/11/2016,
,,,Lake Region Medical - Layoffs 6/2 and/or 6/5/16,,,,Closure,,,,,,,Jefferson,,,,,,28,4/11/2016,
,,,Baxter Healthcare,,,,Closure,,,,,,,Arapahoe/Douglas,,,,,,106,4/5/2016,
,,,Xerox Business Services,,,,Downsize,,,,,,,Pikes Peak/Teller,,,,,,328,3/31/2016,
,,,Tubular Repair,,,,Potential Closure,,,,,,,Rural Resort,,,,,,7,3/19/2016,
,,,Sky Hotel 39 Degrees Recinds Layoffs from 2/5/16 WARN,,,,N/A,,,,,,,Rural Resort,,,,,,N/A,3/18/2016,
,,,MYCOM North America,,,,Closure,,,,,,,Arapahoe/Douglas,,,,,,2,3/15/2016,
,,,WPX Energy,,,,Closure,,,,,,,Rural Resort,,,,,,208,3/10/2016,
,,,Jacobs Technology Inc - ETASS Group.,,,,Downsize,,,,,,,Pikes Peak/Teller,,,,,,70,2/29/2016,
,,,Bowie Resources LLC - Bowie Mine #2,,,,Idle,,,,,,,Western,,,,,,102,2/26/2016,
,,,Climax Molybdenum Co - Henderson Mine & Mill - REV#2,,,,Downsize,,,,,,,Jefferson,,,,,,N/A,2/25/2016,
,,,Sports Authority,,,,Closure,,,,,,,Denver,,,,,,72,2/23/2016,
,,,Vail Cascade,,,,Job Attached,,,,,,,Rural Resort,,,,,,200,2/17/2016,
,,,Honeywell,,,,Downsize,,,,,,,Pikes Peak/Teller,,,,,,8,2/12/2016,
,,,Startek,,,,Downsize,,,,,,,Pikes Peak/Teller,,,,,,89,2/10/2016,
,,,Leggett and Platt,,,,Closure,,,,,,,Pikes Peak/Teller,,,,,,62,2/5/2016,
,,,Sky Hotel 39 Degrees,,,,Closure,,,,,,,Rural Resort,,,,,,91,2/5/2016,
,,,All Web Leads Inc.,,,,Closure,,,,,,,Denver,,,,,,103,2/3/2016,
,,,Jones International University,,,,Closure,,,,,,,Arapahoe/Douglas,,,,,,28,1/31/2016,
,,,VMWare,,,,Downsize,,,,,,,Broomfield,,,,,,38,1/26/2016,
,,,VMWare,,,,Downsize,,,,,,,Pikes Peak/Teller,,,,,,48,1/26/2016,
,,,Climax Molybdenum Co - Henderson Mine & Mill - REV#1,,,,Downsize,,,,,,,Jefferson,,,,,,210,1/25/2016,
,,,Republic Airways Holdings,,,,Closure,,,,,,,Denver,,,,,,158,1/25/2016,
,,,Sprint,,,,Downsize,,,,,,,Arapahoe/Douglas,,,,,,247,1/22/2016,
,,,Concentrix,,,,Closure,,,,,,,Boulder,,,,,,348,1/18/2016,
,,,Walmart Store #3021,,,,Closure,,,,,,,Arapahoe/Douglas,,,,,,65,1/15/2016,
,,,Walmart Store #5002,,,,Closure,,,,,,,Denver,,,,,,78,1/15/2016,
,,,Safeway,,,,Closure,,,,,,,Denver,,,,,,98,1/4/2016,
,,,Climax Molybdenum Co - Henderson Mine & Mill -,,,,Job Attached,,,,,,,Jefferson,,,,,,200,11/3/2015,
,,,Albertsons #632,,,,Closure,,,,,,,Mesa County,,,,,,38,6/4/2015,
,,,Albertsons #8584,,,,Closure,,,,,,,Pikes Peak/Teller,,,,,,78,3/24/2015,
,,,Ambassadors Group,,,,Downsize,,,,,,,Denver,,,,,,1,4/27/2015,
,,,Baker Hughes Inc.,,,,Downsize,,,,,,,Adams County,,,,,,17,9/30/2015,
,,,Baker Hughes Inc.,,,,Downsize,,,,,,,Adams County,,,,,,124,8/12/2015,
,,,"Baker Hughes, Inc.",,,,Downsize,,,,,,,Adams County,,,,,,2,11/3/2015,
,,,Bayou Well Services,,,,Downsize,,,,,,,Weld,,,,,,250,5/15/2015,
,,,Bowie Resources LLC,,,,Downsize,,,,,,,Western,,,,,,78,9/30/2015,
,,,Capstone Logistics,,,,Downsize,,,,,,,Denver,,,,,,69,4/3/2015,
,,,Climax Molybdenum Company,,,,Job Attached Layoff,,,,,,,Jefferson County,,,,,,200,11/3/2015,
,,,Corinthian Colleges Inc./Everest College,,,,Closure,,,,,,,Pikes Peak/Teller,,,,,,214,1/30/2015,
,,,Curian Capital,,,,Closure,,,,,,,Denver,,,,,,224,8/4/2015,
,,,Diamond Wire Material Technologies,,,,Downsize,,,,,,,Pikes Peak/Teller,,,,,,45,7/28/2015,
,,,ECMC Group,,,,Downsize,,,,,,,Adams County,,,,,,137,9/1/2015,
,,,EOS CCA,,,,Closure,,,,,,,Denver,,,,,,60,9/15/2015,
,,,Fidelity Exploration & Production Company,,,,Closure,,,,,,,Denver,,,,,,106,11/4/2015,
,,,First Student,,,,Closure,,,,,,,Mesa,,,,,,150,4/30/2015,
,,,Frontier Airlines Inc.,,,,Closure,,,,,,,Denver,,,,,,1152,1/16/2015,
,,,Intuit,,,,Downsize,,,,,,,Arapahoe/Douglas,,,,,,59,6/25/2015,
,,,Iqor Inc.,,,,Downsize,,,,,,,Pueblo,,,,,,251,1/2/2015,
,,,Jacobs Technology Inc - ETASS Group.,,,,Downsize,,,,,,,Pikes Peak/Teller,,,,,,70,2/29/2016,
,,,Jones International University,,,,Closure,,,,,,,Arapahoe/Douglas,,,,,,28,1/31/2016,
,,,K-Mart-Sears Distribution Center,,,,Closure,,,,,,,Adams County,,,,,,103,1/6/2015,
,,,KIRA,,,,Downsize,,,,,,,Pikes Peak/Teller,,,,,,364,7/30/2015,
,,,Linn Energy,,,,Closure,,,,,,,Denver,,,,,,52,4/15/2015,
,,,Lockheed Martin,,,,Downsize,,,,,,,Pikes Peak/Teller,,,,,,126,10/23/2015,
,,,Lockheed Martin,,,,Downsize,,,,,,,Pikes Peak/Teller,,,,,,119,7/20/2015,
,,,Lockheed Martin,,,,Downsize,,,,,,,Pikes Peak/Teller,,,,,,130,7/20/2015,
,,,Lockheed Martin-Rev to 7/20/15 WARN,,,,Downsize,,,,,,,Pikes Peak/Teller,,,,,,N/A,8/6/2015,
,,,MMC,,,,Closure,,,,,,,Glendale,,,,,,64,3/25/2015,
,,,Moneygram Payment Systems Inc. (MPSI),,,,Closure,,,,,,,Jefferson County,,,,,,1,7/31/2015,
,,,Moneygram Payment Systems Inc. (MPSI),,,,Closure,,,,,,,Jefferson County,,,,,,1,6/14/2015,
,,,Moneygram Payment Systems Inc. (MPSI),,,,Closure,,,,,,,Jefferson County,,,,,,1,5/31/2015,
,,,Moneygram Payment Systems Inc. (MPSI),,,,Closure,,,,,,,Jefferson County,,,,,,1,5/17/2015,
,,,Moneygram Payment Systems Inc. (MPSI),,,,Closure,,,,,,,Jefferson County,,,,,,8,5/2/2015,
,,,Moneygram Payment Systems Inc. (MPSI),,,,Closure,,,,,,,Jefferson County,,,,,,1,5/1/2015,
,,,Moneygram Payment Systems Inc. (MPSI),,,,Closure,,,,,,,Jefferson County,,,,,,1,4/30/2015,
,,,Moneygram Payment Systems Inc. (MPSI),,,,Closure,,,,,,,Jefferson County,,,,,,1,4/1/2015,
,,,Moneygram Payment Systems Inc. (MPSI),,,,Closure,,,,,,,Jefferson County,,,,,,4,3/30/2015,
,,,Moneygram Payment Systems Inc. (MPSI),,,,Closure,,,,,,,Jefferson County,,,,,,7,1/27/2015,
,,,Moneygram Payment Systems Inc. (MPSI),,,,Closure,,,,,,,Jefferson County,,,,,,4,1/6/2015,
,,,Newfield Exploration Company,,,,Closure,,,,,,,Denver,,,,,,91,5/28/2015,
,,,Northwest Pipe Company,,,,Closure,,,,,,,Denver,,,,,,65,7/12/2016,
,,,Ouray Silver Mines,,,,Job Attached Layoff,,,,,,,Western,,,,,,82,8/4/2015,
,,,Pioneer Natural Resources,,,,Closure,,,,,,,Denver,,,,,,75,5/4/2015,
,,,Pioneer Natural Resources - Trinidad,,,,Downsize,,,,,,,Southeast,,,,,,102,5/4/2015,
,,,Quad/Graphics,,,,Closure,,,,,,,Various Regions,,,,,,151,8/27/2015,
,,,Qualcomm,,,,Downsize,,,,,,,Boulder,,,,,,158,9/17/2015,
,,,Safeway,,,,Closure,,,,,,,Denver,,,,,,98,1/4/2016,
,,,Select Medical,,,,Closure,,,,,,,Denver,,,,,,68,9/25/2015,
,,,Serco-NA,,,,Downsize,,,,,,,Pikes Peak/Teller,,,,,,69,1/21/2015,
,,,Sinton Dairy Foods Company/ Borden,,,,Closure,,,,,,,Pikes Peak/Teller,,,,,,122,3/16/2015,
,,,Sinton Dairy Foods Company/ Borden-Rev to 3/16/15,,,,Closure,,,,,,,Pikes Peak/Teller,,,,,,N/A,7/20/2015,
,,,Sinton Dairy Foods Company/ Borden-Rev to 3/16/15,,,,Closure,,,,,,,Pikes Peak/Teller,,,,,,N/A,7/1/2015,
,,,Sinton Dairy Foods Company/ Borden-Rev to 3/16/15,,,,Closure,,,,,,,Pikes Peak/Teller,,,,,,N/A,5/15/2015,
,,,Sinton Dairy Foods Company/ Borden-Rev to 3/16/15,,,,Closure,,,,,,,Pikes Peak/Teller,,,,,,N/A,5/11/2015,
,,,Sprint,,,,Downsize,,,,,,,Arapahoe/Douglas,,,,,,247,1/22/2016,
,,,Staples,,,,Closure,,,,,,,Arapahoe/Douglas,,,,,,59,2/10/2015,
,,,Target Corporation - TCC Cooking Company LLC,,,,Closure,,,,,,,Pikes Peak/Teller,,,,,,241,11/13/2015,
,,,Trulia,,,,Other,,,,,,,Denver,,,,,,33,2/17/2015,
,,,Union Pacific Company,,,,Closure,,,,,,,Denver,,,,,,300,11/16/2015,
,,,Urban Fulfillment,,,,Closure,,,,,,,Jefferson County,,,,,,265,7/6/2015,
,,,UTI,,,,Closure,,,,,,,Pikes Peak/Teller,,,,,,10,7/17/2015,
,,,VMWare,,,,Downsize,,,,,,,Broomfield,,,,,,38,1/26/2016,
,,,VMWare,,,,Downsize,,,,,,,Pikes Peak/Teller,,,,,,48,1/26/2016,
,,,Walmart Store #3021,,,,Closure,,,,,,,Arapahoe/Douglas,,,,,,65,1/15/2016,
,,,Walmart Store #5002,,,,Closure,,,,,,,Denver,,,,,,78,1/15/2016,
,,,Western Forge,,,,Downsize,,,,,,,Pikes Peak/Teller,,,,,,150,9/2/2015,
,,,WPX Energy,,,,Closure,,,,,,,Denver,,,,,,142,3/2/2015,
,,,WPX Energy-Rev to 3/2/15,,,,Closure,,,,,,,Denver,,,,,,2,11/30/2015,
,,,WPX Energy-Rev to 3/2/15,,,,Closure,,,,,,,Denver,,,,,,91,7/9/2015,
,,,Zenith Education Group,,,,Downsize,,,,,,,Adams County,,,,,,152,4/29/2015,
