,company_name,location,notice_date,layoff_date,employees_affected,Type (Closing/Layoff)
0,Baxter Healthcare Corporation,Opelika,09/27/2023,11/30/2023,459.0,Closure
1,Help at Home,Clayton,09/01/2023,11/04/2023,785.0,Closure
2,Parkdale  Inc,Leesburg,08/15/2023,10/14/2023,76.0,Closure
3,Yellow Corporation,Birmingham,08/01/2023,07/30/2023,200.0,Closure
4,Community Development Institute Head Start,Birmingham,08/02/2023,09/30/2023,126.0,Layoff
5,SiO2 Medical Products Inc,Auburn,07/31/2023,07/30/2023,104.0,Layoff
6,Unifi Aviation  LLC,Mobile,07/14/2023,07/03/2023,62.0,Layoff
7,National Copper & Smelting Co,Huntsville,06/01/2023,07/24/2023,86.0,Closure
8,Packers Sanitation Services  Inc,Guntersville,05/22/2023,07/08/2023,74.0,Layoff
9,Showa Best Glove  Inc,Fayette,05/24/2023,07/28/2023,128.0,Layoff
10,David's Bridal,Birmingham,05/23/2023,06/23/2023,40.0,Layoff
11,The Fishel Company,Mobile,05/19/2023,05/10/2023,17.0,Layoff
12,Packers Sanitation Services  Inc,Valley,05/19/2023,05/31/2023,102.0,Layoff
13,Nielsen & Bainbridge  LLC,Selma,05/11/2023,05/19/2023,157.0,Closure
14,Utz Quality Foods LLC,Birmingham,04/26/2023,07/03/2023,175.0,Layoff
15,Luxor Scientific,Birmingham,04/11/2023,06/06/2023,166.0,Closure
16,Logistics Insight Corp,Vance,03/29/2023,05/26/2023,122.0,Layoff
17,Logistics Insight Corp,Cottondale,03/29/2023,05/26/2023,37.0,Layoff
18,Whole Earth Brands,Decatur,03/10/2023,06/30/2023,85.0,Closure
19,Packers Sanitation Services  Inc,Eufaula,02/21/2023,03/09/2023,157.0,Layoff
20,TDG Operations LLC,Atmore,02/08/2023,04/27/2023,113.0,Closure
21,CVS AL Distribution  LLC,Bessemer,02/07/2023,04/23/2023,295.0,Closure
22,SNL Distribution Services Corporation,Birmingham,02/02/2023,03/31/2023,51.0,Closure
23,Thorsby Engineered Wood Products,Thorsby,01/17/2023,03/07/2023,200.0,Layoff
24,Advanced Drainage Systems. Inc.,Montgomery,01/25/2023,03/18/2023,59.0,Closure
25,Railcrew Xpress,Birmingham,01/17/2023,02/20/2023,85.0,Closure
26,Wheel Pros,Auburn,01/09/2023,03/07/2023,224.0,Layoff
27,Sunrise Community of Alabama  Inc,Tuscaloosa,12/13/2022,03/03/2023,76.0,Closure
28,AT&T Alabama,Birmingham,12/13/2022,01/16/2023,23.0,Layoff
29,Parkdale Mills,Alexander City,06/08/2022,07/24/2022,113.0,Closure
30,FIS,Birmingham,05/03/2022,06/30/2022,214.0,Layoff
31,Nektar Therapeutics,Huntsville,04/29/2022,06/26/2022,72.0,Layoff
32,Sodexo  Inc.,Birmingham,04/28/2022,05/31/2022,147.0,Closure
33,LG Electronics USA,Huntsville,02/28/2022,05/10/2022,160.0,Closure
34,Decatur Plastic Products,Gadsden,01/26/2022,04/01/2022,75.0,Closure
35,Keystone Foods/Tyson Foods,Huntsville,01/20/2022,03/25/2022,58.0,Closure
36,Primus Solutions. LLC,Daleville,07/28/2021,09/16/2021,132.0,Layoff
37,Corsicana Mattress Company,Jasper,07/26/2021,09/20/2021,42.0,Closure
38,Portfolio Recovery Associates  LLC,Birmingham,07/20/2021,09/30/2021,133.0,Closure
39,Crothall Healthcare Environmental Services,Gadsden,07/07/2021,08/21/2021,58.0,Layoff
40,National Packaging Co.  Inc.,Decatur,06/30/2021,08/07/2021,62.0,Layoff
41,Eberspaecher,Northport,06/21/2021,08/17/2021,47.0,Closure
42,Imagen Brands,Mobile,01/26/2021,04/01/2021,70.0,Layoff
43,Technicolor,Huntsville,01/26/2021,06/01/2021,275.0,Closure
44,Dow Chemical Company,Mount Meigs,12/03/2020,12/31/2020,55.0,Closure
45,DRiV Automotive,Jacksonville,11/18/2020,01/22/2021,62.0,Closure
46,Standard Furniture,Bay Minette,10/26/2020,12/23/2020,87.0,Layoff
47,KBR,Birmingham,10/19/2020,12/31/2020,111.0,Layoff
48,FreightCar America,Cherokee,09/15/2020,11/09/2020,550.0,Closure
49,PowerSouth Energy COOP,Leroy,09/08/2020,10/31/2020,87.0,Layoff
50,Honeywell Aerospace,Oxford,08/20/2020,10/09/2020,136.0,Closure
51,Birmingham Shuttlesworth Airport,Birmingham,08/13/2020,10/16/2020,85.0,Layoff
52,US Space and Rocket Center,Huntsville,08/03/2020,09/30/2020,172.0,Layoff
53,Remington,Huntsville,08/03/2020,09/29/2020,234.0,Closure
54,Commercial Vehicle Group  Inc,Piedmont,07/16/2020,10/31/2020,49.0,Closure
55,Nucor,Eufaula,07/16/2020,09/11/2020,309.0,Layoff
56,Technicolor,Huntsville,07/16/2020,08/10/2020,100.0,Layoff
57,BJCC,Birmingham,07/16/2020,08/15/2020,91.0,Layoff
58,Birmingham Jeffeson Convention Complex,Birmingham,07/16/2020,08/15/2020,91.0,Layoff
59,Grede Casting,Columbiana,06/15/2020,08/10/2020,94.0,Closure
60,Greif  Inc,Mobile,06/08/2020,06/19/2020,90.0,Closure
61,Weidplas North America  LLC,Auburn,05/13/2020,05/06/2020,96.0,Closure
62,GOODYEAR,Gadsden,05/06/2020,06/28/2020,592.0,Closure
63,U.S. Steel Tubular Products,Fairfield,05/01/2020,06/14/2020,633.0,Layoff
64,"BORBET ALABAMA, INC",Auburn,04/22/2020,06/26/2020,230.0,Closure
65,GESTAMP,McCalla,04/22/2020,04/22/2020,76.0,Layoff
66,STAR AVIATION,Mobile,04/22/2020,04/22/2020,82.0,Closure
67,STANDARD FURNITURE,,04/17/2020,04/17/2020,95.0,Layoff
68,MONARCH WINDOWS & DOORS,Anniston,04/17/2020,06/15/2020,64.0,Closure
69,"HOOTERS OF AMERICA, LLC",,04/14/2020,03/20/2020,90.0,Layoff
70,CARBO CERMAICS INC,Eufaula,04/14/2020,06/06/2020,56.0,Layoff
71,RCX LOGISTICS,Theodore,02/14/2020,04/12/2020,66.0,Closure
72,GOODYEAR,Gadsden,02/11/2020,02/05/2020,105.0,Layoff
73,WAITR AND BITE SQUAD,State-Wide,02/06/2020,04/06/2020,491.0,Layoff *
74,VICTORIA'S SECRET,Decatur,02/03/2020,01/01/0001,18.0,Closure
75,FAURECIA,Tuscaloosa,01/31/2020,03/20/2020,166.0,Closure
76,"FIS MANAGEMENT SERVICES, LLC",Northport,01/24/2020,03/31/2020,102.0,Closure
77,WHOLE FOODS,Hoover,01/10/2020,03/08/2020,68.0,Closure
78,CR GIBSON,Florence,01/10/2020,01/01/0001,46.0,Closure
79,FRONTIER SPINNING MILLS,Wetumpka,10/31/2019,12/29/2019,148.0,Closing *
80,KARDOES RUBBER,LaFayette,10/18/2019,12/31/2019,86.0,Closing *
81,AMERIS BANK,Dothan,09/27/2019,12/31/2019,50.0,Layoff *
82,FLOWERS BAKING CO.,Opelika,09/17/2019,11/14/2019,146.0,Closing *
83,INFORM DIAGNOSTICS,Daphne,08/05/2019,10/01/2019,72.0,Closing *
84,"THRYV, INC",Birmingham,07/26/2019,09/23/2019,111.0,Closing *
85,BERRY GLOBAL,Montgomery,07/26/2019,09/27/2019,60.0,Layoff *
86,GEORGIA PACIFIC,Monroeville,06/06/2019,08/04/2019,95.0,Closing *
87,JOYSON SAFETY SYSTEMS,Greenville,05/16/2019,07/05/2019,98.0,Closing *
88,HANTAL ALABAMA COMPANY,Montgomery,04/17/2019,06/20/2019,58.0,Closing *
89,INTEVA PRODUCTS,Cottondale,04/03/2019,06/05/2019,56.0,Layoff *
90,EBERSPACHER,Northport,04/03/2019,06/07/2019,127.0,Layoff *
91,FAURECIA SEATING,Cottondale,04/01/2019,05/31/2019,118.0,Layoff *
92,STRYKER SUSTAINABILITY SOLUTIONS,Birmingham,03/29/2019,05/31/2019,181.0,Layoff *
93,"JESSE CREEK MINING, LLC",Alabaster,03/29/2019,03/27/2019,152.0,Closing *
94,STANDARD FURNITURE,Bay Minette,01/31/2019,03/31/2019,182.0,Layoff *
95,WESTERN MARKET,Birmingham,01/09/2019,03/06/2019,107.0,Closing *
96,GLOBE METALLURGICAL,Selma,10/30/2018,12/31/2018,84.0,Closing *
97,JELD WEN WINDOWS AND DOORS,Ozark,10/17/2018,11/16/2018,80.0,Closing *
98,BORGERS USA,Vance,10/03/2018,12/03/2018,271.0,Closing *
99,REMBRANDT FOODS,Abbeville,09/28/2018,11/26/2018,55.0,Closing *
100,AC INCORPORATED,Lincoln,09/17/2018,09/14/2018,58.0,Closing *
101,CHARTER COMMUNICATIONS,Birmingham,08/13/2018,08/24/2018,89.0,Layoff *
102,VALLEY SERVICES INC,Statewide,08/09/2018,09/28/2018,169.0,Layoff *
103,VERIZON WIRELESS,Huntsville,07/18/2018,07/28/2018,151.0,Closing *
104,STANDARD TEXTILE CO.,Enterprise,07/16/2018,09/14/2018,70.0,Layoff *
105,FEDERAL MOGUL,Jacksonville,07/16/2018,09/07/2018,47.0,Layoff *
106,MASTERBRAND CABINETS,Auburn,06/12/2018,06/12/2018,445.0,Closing *
107,RMC - JACKSONVILLE,Jacksonville,05/18/2018,07/17/2018,207.0,Closing *
108,REXAM BEVERAGE CAN COMPANY,Birmingham,05/01/2018,06/30/2018,73.0,Closing *
109,KASAI NORTH AMERICA,Prattville,04/16/2018,06/15/2018,92.0,Closing *
110,"NUTCRACKER BRANDS, INC",Dothan,04/12/2018,06/15/2018,66.0,Layoff *
111,VECTOR AEROSPACE,Andalusia,04/12/2018,04/26/2018,56.0,Layoff *
112,"C&S WHOLESALE SERVICES, INC.",Montgomery,03/19/2018,06/01/2018,195.0,Closing *
113,FEDERAL MOGUL,Jacksonville,03/02/2018,04/14/2018,65.0,Layoff *
114,BAE SYSTEMS,Mobile,03/02/2018,04/29/2018,80.0,Closing *
115,"VOGUE INTERNATIONAL, LLC",Phenix City,02/28/2018,04/30/2018,150.0,Closing *
116,CORIZON HEALTH,State Wide,02/05/2018,09/28/2023,648.0,Closing *
117,ASM RESEARCH,Tuscaloosa,02/01/2018,03/27/2018,57.0,Closing *
118,"MHM SERVICES, INC",Vienna,02/01/2018,03/31/2018,276.0,Closing *
119,LIBERTY NATIONAL,Hoover,01/22/2018,03/31/2018,68.0,Closing *
120,SAMS CLUB #8212,Irondale,01/22/2018,03/16/2018,136.0,Closing *
121,RUSSELL BRANDS (FRUIT OF THE LOOM),Alexander City,01/09/2018,01/22/2018,75.0,Layoff *
122,"KADANT BLACK CLAWSON, LLC",Theodore,01/09/2018,03/19/2018,51.0,Closing *
123,AG MANUFACTURING,Wetumpka,11/27/2017,11/13/2017,104.0,Closing *
124,LAKELAND COMMUNITY HOSPITAL,Haleyville,11/17/2017,12/31/2017,87.0,Closing *
125,"CAHABA GOVERMENT BENEFIT ADMINISTRATORS, LLC",Birmingham,11/16/2017,01/26/2018,264.0,Layoff *
126,ANVIL INTERNATIONAL,Anniston,11/16/2017,01/12/2018,44.0,Closing *
127,FEDERAL-MOGUL,Jacksonville,09/28/2017,12/15/2017,56.0,Layoff *
128,JABIL ALABAMA,Dothan,08/01/2017,11/17/2017,96.0,Layoff *
129,PAR PHARMACEUTICALS,Huntsville,07/24/2017,08/01/2017,832.0,Closing *
130,SIKORSKY,Troy,06/27/2017,08/25/2017,158.0,Layoff *
131,AT&T,Birmingham,04/18/2017,06/19/2017,134.0,Layoff *
132,DOLLAR EXPRESS,Montgomery,04/07/2017,06/30/2017,9.0,Layoff *
133,"BEAULIEU GROUP, LLC. - BRIDGEPORT FIBERS",Bridgeport,01/10/2017,03/17/2017,332.0,Layoff *
134,SOUTHEASTERN GROCERS,,01/15/2016,02/10/2016,63.0,Closing *
135,BAE SYSTEMS,Mobile,08/19/2016,10/19/2016,200.0,Layoff *
136,"TALASCEND SL, LLC.",Mobile,06/27/2016,07/29/2016,150.0,Layoff *
137,ADVANCE CENTRAL SERVICES - SOUTHEAST,Birmingham,11/14/2016,01/22/2017,89.0,Closing *
138,AMSTED RAIL CO.,Bessemer,06/02/2016,08/01/2016,155.0,Layoff *
139,INFINITY INSURANCE COMPANY,Birmingham,06/10/2016,08/05/2016,96.0,Layoff *
140,GREDE CASTING INTEGRITY,Bessemer,05/06/2016,07/05/2016,177.0,Closing *
141,ATHEROTECH DIAGNOSTIC LAB,Homewood,03/04/2016,02/28/2016,300.0,Closing *
142,WALMART - STORE #763,Fairfield,01/19/2016,04/15/2016,264.0,Closing *
143,JC PENNEY - MADISON SQUARE MALL,Huntsville,12/06/2016,02/03/2017,128.0,Closing *
144,VERIZON WIRELESS,Huntsville,11/09/2016,03/25/2017,175.0,Layoff *
145,NEMAK USA,Sylacauga,08/04/2016,09/29/2016,206.0,Layoff *
146,"ANADARKO INDUSTRIES, LLC.",Huntsville,07/18/2016,09/30/2016,14.0,Layoff *
147,SITEL OPERATING CORPORATION,Andalusia,05/23/2016,07/25/2016,308.0,Layoff *
148,"SHAW INDUSTRIES GROUP, INC.",Valley Head,05/17/2016,07/16/2016,183.0,Closing *
149,"SODEXO, INC.",Florence,05/06/2016,05/31/2016,105.0,Layoff *
150,CVG - COMERCIAL VEHICLE GROUP,Piedmont,05/16/2016,07/15/2016,156.0,Closing *
151,HARCO INC DISTRIBUTION CENTER (RITE AID),Tuscaloosa,04/05/2016,06/17/2016,270.0,Closing *
152,"JESSE CREEK MINING, LLC",Alabaster,01/05/2016,01/05/2016,170.0,Closing *
153,ABM HEALTHCARE SUPPORT SERVICES,,12/29/2015,02/27/2016,90.0,Layoff *
154,NCO FINANCIAL SYSTEMS,Mobile,01/29/2015,03/31/2015,57.0,Closing *
155,SEARS HOLDINGS CORPORATION,Mobile,07/24/2015,09/27/2015,86.0,Closing *
156,"TRANSWORLD SYSTEMS, INC. (TSI)",Mobile,02/02/2015,03/31/2015,57.0,Closing *
157,O'NEAL STEEL MANUFACTURING SERVICES,Birmingham,12/14/2015,01/02/2016,180.0,Closing *
158,REXAM,Birmingham,12/09/2015,12/28/2015,13.0,Layoff *
159,GOLDEN LIVINGCENTER - TRUSSVILLE,Trussville,12/07/2015,12/07/2015,119.0,Closing *
160,CLIFFS NATURAL RESOURCES INC. - OAK GROVE RESOURC,Hueytown,10/29/2015,10/28/2015,221.0,Layoff *
161,GREEN TREE SERVICING LLC,Birmingham,06/23/2015,10/01/2015,31.0,Layoff *
162,"CAHABA GOVERNMENT BENEFIT ADMINISTRATORS, LLC.",Birmingham,03/30/2015,04/29/2015,131.0,Layoff *
163,FLEX N GATE,McCalla,03/13/2015,05/15/2015,97.0,Layoff *
164,"FAIRFIELD SOUTHERN COMPANY, INC.",Fairfield,02/03/2015,04/03/2015,85.0,Layoff *
165,U. S. STEEL,Fairfield,01/28/2015,03/29/2015,1923.0,Layoff *
166,NORTH AMERICAN COAL CORPORATION,Jasper,08/05/2015,10/10/2015,118.0,Closing *
167,WALTER ENERGY/JIM WALTER RESOURCES - MINE #4,Brookwood,07/31/2015,09/30/2015,545.0,Layoff *
168,"CROWN, COLUMN & MILLWORK COMPANY, LLC.",Attalla,07/28/2015,09/25/2015,90.0,Closing *
169,"SHAW INDUSTRIES GROUP, INC. (PLANT 14)",Valley Head,06/08/2015,08/02/2015,160.0,Layoff *
170,"T W  FITTING N.A., LLC",Vance,03/23/2015,04/20/2015,58.0,Closing *
171,"WALTER ENERGY, INC./JIM WALTER RESOURCES-MINE #7",Brookwood,03/13/2015,03/13/2015,196.0,Layoff *
172,EARTHLINK,Arab,02/04/2015,03/13/2015,42.0,Closing *
173,JMC STEEL GROUP  - ENERGEX,Thomasville,01/23/2015,03/20/2015,260.0,Layoff *
174,KENNAMETAL,Grant,01/19/2015,03/23/2015,93.0,Closing *
175,EARTHLINK,Anniston,01/14/2015,03/31/2015,68.0,Layoff *
176,CINRAM GROUP (FORMERLY JVC),Tuscaloosa,01/07/2015,03/07/2015,100.0,Closing *
177,GLOBE METALLURGICAL,Selma,11/06/2015,02/01/2016,90.0,Closing *
178,DYNETICS TECHNICAL SERVICES,Marshall Center,12/07/2015,01/31/2016,339.0,Layoff *
179,FRAS-LE NORTH AMERICA,Prattville,12/07/2015,02/21/2016,50.0,Layoff *
180,AAR AEROSTRUCTURES & INTERIORS,Huntsville,12/07/2015,12/16/2015,72.0,Closing *
181,FAURECIA INTERIOR SYSTEMS - TUSCALOOSA PLANT,Tuscaloosa,10/18/2015,12/18/2015,138.0,Layoff *
182,LISTERHILL TMC,Muscle Shoals,10/13/2015,10/07/2015,134.0,Closing *
183,BBVA COMPASS,Birmingham,04/17/2014,06/24/2014,90.0,Layoff *
184,MACLEAN POWER SYSTEMS,Birmingham,09/03/2014,10/31/2014,75.0,Closing *
185,LABCORP,Birmingham,08/13/2014,10/15/2014,57.0,Layoff *
186,HARSCO METALS & MINERALS,Birmingham,08/04/2014,09/30/2014,51.0,Closing *
187,ATHENAHEALTH,Birmingham,05/28/2014,08/01/2014,63.0,Closing *
188,HEXPOL - ROBBINS LLC.,Muscle Shoals,12/08/2014,12/16/2014,61.0,Layoff *
189,"JOHNSTON TEXTILES, INC.",Phenix City,12/08/2014,12/10/2014,140.0,Closing *
190,KBR (CONTRACTOR AT BP CHEMICAL PLANT),Decatur,11/04/2014,11/30/2014,131.0,Layoff *
191,ALERIS - NICHOLS ALUMINUM ALABAMA LLC,Decatur,10/14/2014,12/19/2014,100.0,Closing *
192,IZZY+,Florence,07/31/2014,10/01/2014,204.0,Closing *
193,HEWLETT-PACKARD COMPANY,Montgomery,05/20/2014,05/16/2014,99.0,Layoff *
194,THE HON COMPANY,Florence,05/14/2014,08/18/2014,188.0,Closing *
195,HILLSHIRE BRANDS,Florence,04/08/2014,06/06/2014,1100.0,Closing *
196,"WAYNE FARMS, LLC",Dothan,04/02/2014,06/08/2014,560.0,Layoff *
197,"TYONEK SERVICES GROUP, INC.",Madison,03/17/2014,05/04/2014,161.0,Layoff *
198,"NAVISTAR DIESEL OF AL, LLC",Huntsville,03/05/2014,06/26/2014,220.0,Layoff *
199,BELLE FOODS-STORE 310 (MOBILE),Mobile,08/20/2013,10/06/2013,59.0,Closing *
200,MILLARD REFRIGERATED SERVICES,Theodore,04/16/2013,06/11/2013,100.0,Layoff *
201,WEST ASSET MANAGEMENT,Mobile,04/08/2013,05/31/2013,140.0,Layoff *
202,STEELSCAPE,Fairfield,11/05/2013,12/20/2013,62.0,Closing *
203,"ROCK MOUNTAIN MINING, LLC",Birmingham,09/17/2013,11/11/2013,53.0,Layoff *
204,WELLS FARGO,Homewood,08/23/2013,10/20/2013,841.0,Layoff *
205,BELLE FOODS-STORE 51 (HOOVER),Hoover,08/20/2013,10/06/2013,60.0,Closing *
206,BIRMINGHAM LOGISTICS (BELLE FOODS),Birmingham,07/01/2013,08/28/2013,203.0,Closing *
207,BIRMINGHAM LOGISTICS (ROUSE'S ENTERPRISES),Birmingham,06/28/2013,07/07/2013,182.0,Layoff *
208,"FAIRFIELD NURSING AND REHABILITATION CENTER, LLC",Fairfield,03/21/2013,05/19/2013,201.0,Closing *
209,AT&T ALABAMA,Birmingham,03/15/2013,05/15/2013,67.0,Layoff *
210,ATHENAHEALTH,Birmingham,01/07/2013,03/06/2013,36.0,Layoff *
211,PILGRIM'S PRIDE,Boaz,11/26/2013,01/24/2014,1154.0,Closing *
212,KBR,Selma,11/04/2013,11/30/2013,73.0,Layoff *
213,ALABAMA PAIN CENTER,Huntsville,10/22/2013,12/06/2013,80.0,Layoff *
214,JC'S 5 STAR OUTLET,Decatur,10/01/2013,12/18/2013,41.0,Closing *
215,"TWIN PINES, LLC",Jasper,09/17/2013,11/11/2013,60.0,Closing *
216,INTERNATIONAL PAPER-COURTLAND MILL,Courtland,09/11/2013,12/04/2013,1100.0,Closing *
217,BELLE FOODS-STORE 84 (TUSCALOOSA),Tuscaloosa,08/20/2013,10/06/2013,50.0,Closing *
218,COOPER LIGHTING,Eufaula,06/14/2013,10/01/2013,285.0,Closing *
219,PREFERRED HEALTH HOLDINGS (@RIDGEWOOD HEALTH CARE),Jasper,07/31/2013,09/29/2013,141.0,Closing *
220,BENTELER AUTOMOTIVE,Opelika,07/22/2013,10/04/2013,115.0,Closing *
221,"DRUMMOND CO., INC. SHOAL CREEK MINE",Oakman,07/09/2013,09/09/2013,425.0,Layoff *
222,SODEXO (CAMPUS OF OAKWOOD UNIVERSITY),Huntsville,06/19/2013,07/22/2013,75.0,Closing *
223,BECHTEL POWER CORPORATION,Hollywood,06/17/2013,07/11/2013,83.0,Closing *
224,"RUSSELL BRANDS, INC., COOSA RIVER DISTRIBUTION",Wetumpka,06/04/2013,07/29/2013,191.0,Closing *
225,"TUSCALOOSA RESOURCES INC., SWANN'S CROSSING MINE",Brookwood,05/17/2013,07/12/2013,67.0,Closing *
226,STANDARD FURNITURE,Frisco City,05/09/2013,07/08/2013,157.0,Closing *
227,AMERICAN APPAREL-ONEONTA,Oneonta,05/01/2013,04/30/2013,200.0,Closing *
228,SODEXO (CAMPUS OF UNIV. OF MONTEVALLO),Montevallo,04/29/2013,05/15/2013,51.0,Layoff *
229,SITEL,Andalusia,04/05/2013,06/21/2013,144.0,Layoff *
230,AMERICAN APPAREL-OPP,Opp,04/02/2013,03/15/2013,200.0,Closing *
231,NORTH RIVER MINE (JIM WALTER RESOURCES),Brookwood,03/15/2013,03/15/2013,176.0,Closing *
232,"SHILOH INDUSTRIES, ANNISTON MFG. PLANT",Anniston,03/11/2013,05/07/2013,68.0,Closing *
233,VANTAGE SOURCING INC.,Taylor,03/01/2013,05/03/2013,215.0,Layoff *
234,"KC ECONOMIC DEVELOPMENT, LLC",Shorter,02/26/2013,02/19/2013,207.0,Closing *
235,EATON CORP,Decatur,01/30/2013,04/02/2013,63.0,Closing *
236,KMART CORPORATION,Anniston,01/15/2013,03/10/2015,52.0,Closing *
237,"RUSSELL BRANDS, LLC-DECORATION OPERATIONS",Alexander City,01/07/2013,03/05/2013,390.0,Closing *
238,"GREDE CASTINGS, LLC., INC.",Marion,01/03/2013,03/02/2013,105.0,Closing *
239,MOBILE PRESS REGISTER,Mobile,06/20/2012,08/17/2012,181.0,Layoff *
240,"HOSTESS BRANDS, INC.",Chickasaw,05/07/2012,07/06/2012,18.0,Closing *
241,"EARTHGRAINS BAKERY CO., MOBILE",Mobile,03/23/2012,05/21/2012,115.0,Layoff *
242,"HOSTESS BRANDS, INC.",Statewide,05/07/2012,07/06/2012,172.0,Closing *
243,"ROCK MOUNTAIN MINING , LLC",Bessemer,11/26/2012,01/21/2013,187.0,Layoff *
244,"INSIGHT CARD SERVICES, LLC",Birmingham,11/07/2012,11/07/2012,71.0,Layoff *
245,THE BIRMINGHAM NEWS,Birmingham,06/20/2012,09/30/2012,109.0,Layoff *
246,"HOSTESS BRANDS, INC.",Birmingham,05/07/2012,07/06/2012,63.0,Closing *
247,"GOLDEN LIVING, OR SOUTHERN BILLING OFFICE",Birmingham,01/25/2012,04/03/2012,38.0,Closing *
248,GENERAL DYNAMICS-LAND SYSTEMS,Anniston,11/08/2012,01/06/2013,252.0,Layoff *
249,HEARTLAND CATFISH,Greensboro,11/05/2012,11/06/2012,150.0,Closing *
250,"DRS TEST & ENERGY MANAGEMENT, LLC",Huntsville,11/01/2012,12/31/2012,84.0,Layoff *
251,CMI DOOR DIVISION/JELD-WEN,Ozark,11/01/2012,12/31/2012,70.0,Closing *
252,AMERICAN APPAREL INC.,Selma,09/25/2012,10/08/2012,250.0,Layoff *
253,AMERICAN POWER SOURCE,Fayette,08/31/2012,10/27/2012,119.0,Closing *
254,"BIG SPRINGS, INC.",Huntsville,07/10/2012,09/07/2012,87.0,Closing *
255,THE HUNTSVILLE TIMES,Huntsville,06/20/2012,08/17/2012,103.0,Layoff *
256,SCIENCE APPLICATIONS INTERNATIONAL CORP. (SAIC),Anniston,06/11/2012,07/31/2012,134.0,Layoff *
257,"RG STEEL, LLC",Fort Payne,05/30/2012,06/04/2012,15.0,Closing *
258,G4S GOVERNMENT SOLUTIONS INC.,Anniston,05/25/2012,06/30/2012,57.0,Layoff *
259,AAR MOBILITY SYSTEMS (FORMERLY SUMMA TECHNOLOGY),Cullman,04/24/2012,06/25/2012,181.0,Closing *
260,JOHNSON CONTROLS,Cottondale,04/23/2012,06/29/2012,103.0,Closing *
261,CONNEXION TECHNOLOGIES,Gulf Shores,04/16/2012,04/18/2012,38.0,Closing *
262,"EARTHGRAINS BAKING CO., DOTHAN",Dothan,03/21/2012,05/21/2012,124.0,Closing *
263,MBM FOODSERVICE,Montgomery,02/22/2012,04/20/2012,78.0,Layoff *
264,LEGGETT & PLATT INC. (AKA GARCY CORP.),Piedmont,01/20/2012,03/01/2012,117.0,Closing *
265,SODEXO,Tuskegee,12/14/2012,03/01/2013,124.0,Closing *
266,ANNISTON ARMY DEPOT,Anniston,01/10/2012,02/01/2012,975.0,Layoff *
267,AMERICAN APPAREL,Fort Deposit,01/09/2012,03/09/2012,181.0,Layoff *
268,HARTSELLE MEDICAL CENTER,Hartselle,01/10/2012,02/01/2012,184.0,Closing *
269,SYNCREON,Vance,01/06/2012,01/13/2012,312.0,Closing *
270,FLEXTRONICS AMERICAS LLC,Statewide,05/27/2011,08/31/2011,26.0,Layoff *
271,BIRMINGHAM SOUTHERN RAILROAD COMPANY,Fairfield,12/06/2011,01/31/2012,181.0,Closing *
272,"ALABAMA AIRCRAFT INDUSTRIES, INC.",Birmingham,02/17/2011,04/15/2011,321.0,Closing *
273,ROCKTENN (FORMERLY SMURFIT STONE),Birmingham,06/09/2011,07/30/2011,77.0,Closing *
274,THE BOEING COMPANY,Huntsville,12/05/2011,01/31/2012,164.0,Layoff *
275,WAYNE FARMS LLC,Decatur,11/16/2011,01/16/2012,363.0,Layoff *
276,"BAE SYSTEMS, USCS-ANNISTON/2",Anniston,10/31/2011,12/30/2011,155.0,Layoff *
277,RADICISPANDEX CORPORATION,Tuscaloosa,10/17/2011,12/14/2011,89.0,Closing *
278,"ERC, INC.",Huntsville,08/11/2011,10/01/2011,210.0,Layoff *
279,INFOPRO CORPORATION,Huntsville,08/11/2011,10/01/2011,210.0,Layoff *
280,JACOBS ESTS GROUP,Huntsville,08/01/2011,10/01/2011,281.0,Layoff *
281,"THERMO FISHER SCIENTIFIC, INC.",Huntsville,07/20/2011,11/18/2011,67.0,Closing *
282,NORTHRUP GRUMMAN-MAXWELL/GUNTER ANNEX,Montgomery,07/20/2011,09/15/2011,51.0,Layoff *
283,AC FABRICATED PRODUCTS-GROVE HILL,Grove Hill,06/27/2011,07/31/2011,70.0,Closing *
284,KNAUF INSULATION,Lanett,06/13/2011,06/14/2011,146.0,Closing *
285,"RECTICEL INTERIORS N.A., LLC",Tuscaloosa,05/16/2011,07/13/2011,40.0,Layoff *
286,"JOHNSON CONTROLS, INC.",Cottondale,05/13/2011,07/01/2011,42.0,Layoff *
287,K AND K FOOD SERVICES,Huntsville,05/12/2011,07/01/2011,63.0,Closing *
288,UNITED SPACE ALLIANCE (USA),Huntsville,05/11/2011,07/22/2011,45.0,Layoff *
289,TEAM ONE CONTRACT SERVICES,Prattville,05/09/2011,05/09/2011,71.0,Closing *
290,PEMCO WORLD AIR SERVICES,Dothan,05/03/2011,03/27/2012,319.0,Closing *
291,SANDERSON PLUMBING PRODUCTS,Butler,05/03/2011,04/27/2011,50.0,Closing *
292,INTEVA PRODUCTS,Gadsden,04/27/2011,07/04/2011,72.0,Layoff *
293,NORTHROP GRUMMAN SYSTEMS CORPORATION,Huntsville,04/07/2011,08/05/2011,100.0,Closing *
294,URS (WESTINGHOUSE),Anniston,03/16/2011,07/01/2011,840.0,Closing *
295,"DILLARD'S, INC.",Decatur,03/16/2011,06/02/2011,71.0,Closing *
296,"HEARTLAND ALABAMA, LLC",Greensboro,02/15/2011,03/04/2011,200.0,Layoff *
297,BEAULIEU GROUP LLC,Eufaula,02/07/2011,10/02/2011,392.0,Closing *
298,ABITIBI BOWATER,Coosa Pine,02/14/2011,04/14/2011,150.0,Layoff *
299,NORTHROP GRUMMAN,Redstone Arsenal,01/31/2011,03/31/2011,97.0,Layoff *
300,GILDAN,Fort Payne,02/01/2011,02/20/2011,279.0,Closing *
301,"CHUGACH WORLD SERVICES, INC.",Redstone Arsenal,01/27/2011,04/01/2011,317.0,Closing *
302,WESTPOINT HOME INC.,Greenville,02/01/2011,09/05/2011,183.0,Closing *
303,"CHUGACH WORLD SERVICES, INC.",Redstone Arsenal,01/31/2011,04/01/2011,45.0,Closing *
304,GENESEE TRISTARR INC.,Rogersville,01/28/2011,02/04/2011,69.0,Closing *
305,"ABB, INC.",Muscle Shoals,01/26/2011,04/04/2011,159.0,Closing *
306,GAF MATERIALS CORP.,Mobile,11/01/2010,12/27/2010,61.0,Closing *
307,"DAIRY FRESH, INC.",Prichard,06/01/2010,07/31/2010,116.0,Closing *
308,URS CORPORATION,Birmingham,01/22/2010,09/28/2023,134.0,Layoff *
309,"SUNGARD BUSINESS SYSTEMS, LLC",Birmingham,11/02/2010,12/31/2010,122.0,Layoff *
310,"CAREMARK RX, LLC",Birmingham,08/25/2010,10/29/2010,369.0,Closing *
311,SITEL,Birmingham,07/01/2010,08/30/2010,432.0,Closing *
312,MCWANE CAST IRON PIPE COMPANY,Birmingham,05/03/2010,04/30/2010,117.0,Closing *
313,MCWANE CAST IRON PIPE COMPANY,Birmingham,03/09/2010,03/05/2010,88.0,Layoff *
314,"UNITED STATES PIPE AND FOUNDRY COMPANY, LLC",Birmingham,02/03/2010,03/05/2010,244.0,Closing *
315,CONTACT US TELESERVICES,Birmingham,01/28/2010,03/31/2010,114.0,Closing *
316,"NEW ERA CAP, DEMOPOLIS",Demopolis,01/28/2010,04/12/2010,351.0,Closing *
317,BB&T CORP.,Montgomery,01/20/2010,11/13/2009,223.0,Layoff *
318,SCIENCE APPLICATIONS INTERNATIONAL CORP. (SAIC),Huntsville,12/10/2010,02/01/2011,202.0,Closing *
319,LOPAREX,Cullman,12/29/2010,01/21/2011,70.0,Closing *
320,MICOLAS MILLS (JOHNSTON TEXTILES-2),Opp,11/22/2010,01/18/2011,135.0,Closing *
321,"CATERPILLAR LOGISTICS, INC.",Vance,11/01/2010,12/31/2010,34.0,Layoff *
322,"MID-SOUTH ELECTRONICS, INC.",Gadsden,11/08/2010,01/06/2011,50.0,Layoff *
323,APEX TOOL GROUP AKA NICHOLSON FILE,Cullman,10/27/2010,03/04/2010,66.0,Closing *
324,JELD-WEN INTERIOR DOORS,Hartselle,10/25/2010,12/20/2010,51.0,Closing *
325,JOHNSON BROTHERS WINE COMPANY,Pelham,10/04/2010,10/29/2010,50.0,Layoff *
326,JOHNSON BROTHERS WINE OF ALABAMA,Huntsville,10/04/2010,10/29/2010,25.0,Closing *
327,ARAMARK HEALTHCARE,Florence,09/24/2010,11/28/2010,201.0,Closing *
328,"VANITY FAIR BRANDS, LP",Monroeville,08/05/2010,08/16/2010,68.0,Layoff *
329,"CHUGACH WORLD SERVICES, INC.",Redstone Arsenal,08/06/2010,09/30/2010,317.0,Closing *
330,NORTHROP GRUMMAN,Redstone Arsenal,08/06/2010,09/30/2010,92.0,Layoff *
331,BERRY PLASTICS COMPANY - COVALENCE SPECIALTY ADHES,Albertville,07/23/2010,12/31/2010,93.0,Closing *
332,BASTION TECHNOLOGIES,Huntsville,06/21/2010,08/19/2010,124.0,Layoff *
333,GE DOTHAN MOTOR PLANT,Dothan,05/19/2010,10/30/2010,65.0,Closing *
334,SIRSIDYNIX,Huntsville,05/12/2010,05/12/2010,64.0,Closing *
335,AUTO WAREHOUSING COMPANY,Lincoln,03/22/2010,04/30/2010,54.0,Closing *
336,REPAK SOUTH/PMDC SOUTH/GILDAN,Fort Payne,04/08/2010,06/05/2010,27.0,Closing *
337,VF JEANSWEAR,Holly Pond,02/24/2010,04/30/2010,148.0,Closing *
338,JAY MID-SOUTH,Gadsden,02/24/2010,06/01/2010,75.0,Layoff *
339,"NEW ERA CAP, DISTRIBUTION CENTER",Mobile,12/09/2009,05/01/2010,60.0,Closing *
340,BRUNO'S,Mobile,03/16/2009,05/17/2009,110.0,Closing *
341,BRUNO'S,Mobile,03/16/2009,05/17/2009,77.0,Closing *
342,BRUNO'S,Mobile,03/16/2009,05/17/2009,58.0,Closing *
343,FOOD WORLD,Mobile,03/16/2009,05/17/2009,55.0,Closing *
344,FOOD WORLD,Mobile,03/16/2009,05/17/2009,55.0,Closing *
345,FOOD WORLD,Mobile,03/16/2009,05/17/2009,47.0,Closing *
346,FOOD WORLD,Mobile,03/16/2009,05/17/2009,52.0,Closing *
347,FOOD WORLD,Mobile,03/16/2009,05/17/2009,48.0,Closing *
348,FOOD WORLD,Theodore,03/16/2009,05/17/2009,30.0,Closing *
349,FOOD WORLD,Saraland,03/16/2009,05/17/2009,30.0,Closing *
350,"ARMSTRONG WORLD INDUSTRIES, INC.  (3)",Mobile,03/11/2009,05/08/2009,172.0,Closing *
351,SEARS HOLDINGS,Saraland,03/09/2009,05/31/2009,74.0,Closing *
352,HARBISON-WALKER REFRACTORIES COMPANY,Fairfield,08/25/2009,07/27/2009,74.0,Layoff *
353,ASSURANT EMPLOYEE BENEFITS,Birmingham,07/29/2009,11/13/2009,92.0,Layoff *
354,UNITED RETAIL SERVICE (URS),Birmingham,07/10/2009,09/08/2009,16.0,Layoff *
355,"SUN MICROSYSTEMS, INC.",Birmingham,06/29/2009,05/30/2009,12.0,Layoff *
356,UNITED STATES STEEL CORPORATION,Fairfield,05/08/2009,05/19/2009,1711.0,Closing *
357,FLEX-N-GATE-ALABAMA,McCalla,04/16/2009,12/01/2008,46.0,Layoff *
358,CLIFF'S NATURAL RESOUCES INC. - OAK GROVE MINE,Adger,04/15/2009,04/09/2009,47.0,Closing *
359,FOOD WORLD,McCalla,03/16/2009,05/17/2009,74.0,Closing *
360,FOOD WORLD,Trussville,03/16/2009,05/17/2009,42.0,Closing *
361,FOOD WORLD,Birmingham,03/16/2009,05/17/2009,42.0,Closing *
362,FOOD WORLD,Hueytown,03/16/2009,05/17/2009,60.0,Closing *
363,FOOD WORLD,Birmingham,03/16/2009,05/17/2009,40.0,Closing *
364,BRUNO'S SUPERMARKETS,Birmingham,03/16/2009,05/17/2009,87.0,Closing *
365,BRUNO'S SUPERMARKETS,Hoover,03/16/2009,05/17/2009,70.0,Closing *
366,BRUNO'S SUPERMARKETS,Birmingham,03/16/2009,05/17/2009,60.0,Closing *
367,BRUNO'S SUPERMARKETS,Birmingham,03/16/2009,05/17/2009,89.0,Closing *
368,BRUNO'S SUPERMARKETS,Hoover,03/16/2009,05/17/2009,106.0,Closing *
369,BRUNO'S SUPERMARKETS,Birmingham,03/16/2009,05/17/2009,73.0,Closing *
370,FOOD WORLD,Gardendale,03/16/2009,05/17/2009,48.0,Closing *
371,KV PHARMACEUTICAL COMPANY/THER-RX CORPORATION,Hoover,03/16/2009,03/06/2009,6.0,Layoff *
372,WACHOVIA CORPORATION,Homewood,03/14/2009,09/26/2008,76.0,Closing *
373,SEARS HOLDINGS,Birmingham,02/28/2009,09/28/2023,15.0,Closing *
374,"STEVENS GRAPHICS, INC.",Birmingham,02/06/2009,03/01/2009,283.0,Layoff *
375,BIRMINGHAM SOUTHERN RAILROAD COMPANY,Fairfield,01/28/2009,12/01/2008,41.0,Layoff *
376,CR COMPRESSORS LLC,Hartselle,08/17/2009,12/02/2011,149.0,Closing *
377,SITEL,Winfield,12/28/2009,02/27/2010,302.0,Closing *
378,LOCKHEED MARTIN CORPORATION,Huntsville,12/19/2009,01/31/2010,63.0,Layoff *
379,"NEW ERA CAP CO., INC.",Jackson,11/19/2009,01/18/2010,320.0,Closing *
380,VISTEON CORPORATION,Tuscaloosa,10/04/2009,11/30/2009,,Closing *
381,"BAE SYSTEMS, USCS-ANNISTON",Anniston,08/14/2009,11/27/2010,102.0,Layoff *
382,COOPER HOSIERY MILLS,Fort Payne,10/20/2009,12/14/2009,51.0,Layoff *
383,CARLISLE TIRE AND WHEEL COMPANY,Heflin,08/05/2009,10/02/2009,50.0,Closing *
384,ARAMARK HEALTHCARE SUPPORT SERVICES,Huntsville,10/07/2009,11/28/2009,163.0,Layoff *
385,"ABITIBI BOWATER INC., COOSA PINES OPERATIONS",Coosa Pines,09/21/2009,09/28/2009,90.0,Layoff *
386,"ABITIBIBOWATER, INC.",Albertville,09/18/2009,11/15/2009,86.0,Closing *
387,"MOORE-HANDLEY, INC.",Pelham,09/10/2009,10/01/2009,200.0,Closing *
388,MORGAN RESEARCH CORPORATION,Huntsville,09/09/2009,02/01/2009,135.0,Closing *
389,"CONTINENTAL AUTOMOTIVE SYSTEMS US, INC.",Huntsville,08/31/2009,10/30/2009,1281.0,Closing *
390,"TELEDYNE BROWN ENGINEERING, INC.",Tanner,08/20/2009,10/16/2009,140.0,Layoff *
391,"REGAL EMPLOYMENT, INC.",Hartselle,08/17/2009,10/13/2009,104.0,Layoff *
392,CARGILL,Decatur,02/09/2009,04/20/2009,107.0,Closing *
393,"FAIRFIELD SOUTHERN COMPANY, INC.",Fairfield,01/28/2009,12/01/2008,12.0,Layoff *
394,WEYERHAEUSER CORP.,Pine Hill,02/06/2009,02/05/2009,300.0,Closing *
395,ELWOOD STAFFING/NEW SOUTH EXPRESS,Lincoln,02/05/2009,04/06/2009,86.0,Layoff *
396,BASF CORPORATION,Decatur,02/03/2009,03/31/2009,115.0,Closing *
397,ELWOOD STAFFING/HONDA PLANT,Lincoln,01/26/2009,03/27/2009,706.0,Layoff *
398,NORBORD,Lanett,01/22/2009,03/21/2009,127.0,Closing *
399,CUMMINGS SIGNS INC.,Fort Deposit,01/16/2009,01/31/2009,51.0,Closing *
400,CR COMPRESSORS LLC,Hartselle,08/17/2009,10/14/2009,186.0,Layoff *
401,"VANITY FAIR BRANDS, ADMIN.",Monroeville,08/06/2009,10/01/2009,61.0,Closing *
402,"RUSSELL CORP., ADMIN. & CORPORATE",Alexander City,08/06/2009,09/30/2009,218.0,Layoff *
403,WINSTON FURNITURE COMPANY,Haleyville,07/17/2009,09/15/2009,108.0,Layoff *
404,PILGRIM'S PRIDE,Athens,07/24/2009,09/22/2009,640.0,Closing *
405,NORFOLK SOUTHERN CORPORATION,Muscle Shoals,07/17/2009,09/13/2009,64.0,Layoff *
406,"TELEDYNE BROWN ENGINEERING, INC.",Huntsville,07/14/2009,09/22/2009,78.0,Layoff *
407,"CHAPMAN FOREST PRODUCTS, INC.",Chapman,06/16/2009,06/15/2009,263.0,Closing *
408,KMART CORPORATION STORE #7362,Rainbow City,06/11/2009,10/11/2009,71.0,Closing *
409,"WOODLAND (CULLMAN COUNTY MEDICAL CLINIC, INC.)",Cullman,06/04/2009,07/15/2009,150.0,Closing *
410,TATE & LYLE SUCRALOSE LLC,McIntosh,05/28/2009,07/31/2009,126.0,Closing *
411,HAGER COMPANIES,Oxford,05/20/2009,10/30/2009,93.0,Closing *
412,PACE INDUSTRIES,Auburn,05/22/2009,07/20/2009,147.0,Closing *
413,VANITY FAIR BRANDS-KNITTING FACILITY,Jackson,05/20/2009,07/14/2009,69.0,Closing *
414,VANITY FAIR BRANDS-DYE/FINISH FACILITY,Monroeville,05/19/2009,07/14/2009,141.0,Closing *
415,ACCELLENT,Huntsville,05/11/2009,11/06/2009,78.0,Closing *
416,RIGID BUILDING SYSTEMS,Gadsden,05/07/2009,06/26/2009,73.0,Closing *
417,RUSSELL CORP. (WOVEN FABRICS PLANT),Alexander City,04/13/2009,07/01/2009,252.0,Closing *
418,SCIENCE APPLICATIONS INTERNATIONAL CORP.,Anniston,04/10/2009,04/30/2009,90.0,Layoff *
419,FOOD WORLD,Dora,03/16/2009,05/17/2009,47.0,Closing *
420,ADVANCED FEDERAL SERVICES CORPORATION,Madison,04/01/2009,04/30/2009,69.0,Closing *
421,ALABAMA RIVER NEWSPRINT MILL,Perdue Hill,04/01/2009,06/05/2009,167.0,Closing *
422,JACK HUGHSTON MEMORIAL HOSPITAL,Phenix City,03/30/2009,03/31/2009,80.0,Layoff *
423,BRUNO'S SUPERMARKETS,Tuscaloosa,03/16/2009,05/17/2009,103.0,Closing *
424,BRUNO'S SUPERMARKETS,Alabaster,03/16/2009,05/17/2009,54.0,Closing *
425,BRUNO'S SUPERMARKETS,Tuscaloosa,03/16/2009,05/17/2009,106.0,Closing *
426,BRUNO'S SUPERMARKETS,Montgomery,03/16/2009,05/17/2009,58.0,Closing *
427,BRUNO'S SUPERMARKETS,Montgomery,03/16/2009,05/17/2009,60.0,Closing *
428,BRUNO'S SUPERMARKETS,Orange Beach,03/16/2009,05/17/2009,40.0,Closing *
429,BRUNO'S SUPERMARKETS,Spanish Fort,03/16/2009,05/17/2009,68.0,Closing *
430,BRUNO'S SUPERMARKETS,Gulf Shores,03/16/2009,05/17/2009,63.0,Closing *
431,BRUNO'S SUPERMARKETS,Fairhope,03/16/2009,05/17/2009,93.0,Closing *
432,FOOD WORLD,Moody,03/16/2009,05/17/2009,62.0,Closing *
433,FOOD WORLD,Tuscaloosa,03/16/2009,05/17/2009,72.0,Closing *
434,FOOD WORLD,Prattville,03/16/2009,05/17/2009,51.0,Closing *
435,FOOD WORLD,Tuscaloosa,03/16/2009,05/17/2009,55.0,Closing *
436,FOOD WORLD,Jasper,03/16/2009,05/17/2009,67.0,Closing *
437,FOOD WORLD,Monroeville,03/16/2009,05/17/2009,64.0,Closing *
438,FOOD WORLD,Demopolis,03/16/2009,05/17/2009,62.0,Closing *
439,FOOD WORLD,Gadsden,03/16/2009,05/17/2009,40.0,Closing *
440,FOOD WORLD,Sylacauga,03/16/2009,05/17/2009,64.0,Closing *
441,FOOD WORLD,Pell City,03/16/2009,05/17/2009,56.0,Closing *
442,FOOD WORLD,Pelham,03/16/2009,05/17/2009,45.0,Closing *
443,FOOD WORLD,Rainbow City,03/16/2009,05/17/2009,48.0,Closing *
444,FOOD WORLD,Gadsden,03/16/2009,05/17/2009,35.0,Closing *
445,FOOD WORLD,Tuscaloosa,03/16/2009,05/17/2009,64.0,Closing *
446,FOOD WORLD,Cullman,03/16/2009,05/17/2009,49.0,Closing *
447,FOOD MAX,Oxford,03/16/2009,05/17/2009,50.0,Closing *
448,FOOD MAX,Northport,03/16/2009,05/17/2009,58.0,Closing *
449,"GRAPHIC PACKAGING INTERNATIONAL, INC.",Tuscaloosa,02/16/2009,05/15/2009,87.0,Closing *
450,"RUSSELL CORP., COOSA RIVER YARN PLANT",Wetumpka,02/25/2009,02/26/2009,138.0,Closing *
451,"WEYERHAEUSER CO., CASTLEBERRY",Castleberry,02/25/2009,02/23/2009,71.0,Closing *
452,GERBER CHILDRENSWEAR LLC,Evergreen,02/20/2009,05/22/2009,77.0,Closing *
453,LOPAREX LLC,Cullman,02/19/2009,04/20/2009,78.0,Closing *
454,SCOTCH LUMBER COMPANY,Fulton,02/17/2009,04/17/2009,143.0,Layoff *
455,WEST FRASER-CITRONELLE LUMBER MILL,Citronelle,11/20/2008,12/01/2008,102.0,Closing *
456,INTERNATIONAL CODE COUNCIL,Birmingham,12/02/2008,11/21/2008,6.0,Closing *
457,CERTAINTEED CORPORATION,Birmingham,11/05/2008,01/23/2009,50.0,Closing *
458,PHYSICIAN'S MEDICAL CENTER,Birmingham,10/20/2008,10/20/2008,1000.0,Closing *
459,"BORAL BRICKS, INC.",Bessemer,05/02/2008,07/01/2008,39.0,Layoff *
460,TELETECH,Fairfield,04/25/2008,06/27/2008,272.0,Closing *
461,CARDINAL HEALTH,Bessemer,04/24/2008,09/01/2008,100.0,Closing *
462,FIRST AMERICAN BANK,Birmingham,04/09/2008,06/15/2008,78.0,Closing *
463,SKYWEST AIRLINES,Birmingham,02/05/2008,04/01/2008,23.0,Closing *
464,EDS,Birmingham,02/04/2008,04/01/2008,261.0,Layoff *
465,"W.Y. SHUGART & SONS, INC.",Fort Payne,12/15/2008,02/11/2009,60.0,Closing *
466,"PATRIOT HOMES, INC. (AKA SOUTHRIDGE HOMES)",Hamilton,12/12/2008,12/12/2008,125.0,Closing *
467,GILDAN,Fort Payne,12/12/2008,02/27/2009,738.0,Closing *
468,"W.Y. SHUGART & SONS, INC.",Fort Payne,12/15/2008,02/11/2008,60.0,Layoff *
469,VERTIS COMMUNICATIONS INC.,Sylacauga,12/09/2008,02/07/2009,283.0,Closing *
470,BERRY PLASTICS CORP. COVALENCE SPECIALTY ADHESIVES,Albertville,11/19/2008,01/20/2009,96.0,Layoff *
471,UNITED INDUSTRIAL (SPECTRUM BRANDS),Sylacauga,11/14/2008,01/15/2009,107.0,Closing *
472,LOUISIANA-PACIFIC CORP.,Thomasville,11/17/2008,01/12/2009,129.0,Closing *
473,PINKERTON GOVERNMENT SERVICES,Athens,11/05/2008,03/20/2008,194.0,Closing *
474,"FPMI SOLUTIONS, INC.",Arab,10/14/2008,12/29/2008,89.0,Closing *
475,"BILL HEARD CHEVROLET, INC.",Huntsville,09/25/2008,09/24/2008,158.0,Closing *
476,"ALTADIS USA, INC. (SELMA CIGAR FACTORY)",Selma,09/30/2008,11/14/2008,213.0,Closing *
477,BAE SYSTEMS (SECOND CHANCE BODY ARMOR),Geneva,09/10/2008,09/11/2008,194.0,Closing *
478,ADVANCED FEDERAL,Anniston,07/02/2008,04/30/2009,69.0,Closing *
479,FRONTIER YARNS-LAFAYETTE,Lafayette,06/17/2008,06/26/2008,129.0,Closing *
480,KNAUF INSULATION,Lanett,01/22/2008,03/17/2008,75.0,Layoff *
481,ALBANY INTERNATIONAL-APPLETON WIRE DIVISION,Montgomery,01/09/2008,02/15/2008,96.0,Closing *
482,STANDARD FURNITURE MFG. CO.,Frisco City,01/04/2008,03/04/2008,192.0,Layoff *
483,"HERFF JONES, INC.",Montgomery,06/12/2008,08/10/2008,43.0,Layoff *
484,"RUSSELL CORP., COOSA RIVER TEXTILES",Wetumpka,06/03/2008,06/10/2008,550.0,Layoff *
485,OCCIDENTAL CHEMICAL CORPORATION,Muscle Shoals,06/03/2008,08/19/2008,47.0,Closing *
486,SHAW INDUSTRIES,Stevenson,05/29/2008,07/31/2008,418.0,Closing *
487,"GEORGIA-PACIFIC CORP., MONROEVILLE",Peterman,11/12/2008,01/10/2009,319.0,Closing *
488,DILLARD'S,Tuscaloosa,03/27/2008,06/01/2008,130.0,Closing *
489,PERFORMANCE FIBERS,Winfield,03/25/2008,05/23/2008,93.0,Closing *
490,GEORGIA PACIFIC WOOD PRODUCTS-TALLADEGA,Talladega,03/20/2008,05/18/2008,380.0,Closing *
491,DELTA AIR LINES,Huntsville,03/12/2008,05/17/2008,183.0,Closing *
492,"WESTPOINT HOME, INC. FAIRFAX DISTRIBUTION CENTER",Valley,03/10/2008,05/05/2008,315.0,Closing *
493,GAF MATERIALS CORP.,Mobile,10/01/2007,11/30/2007,97.0,Layoff *
494,"MEADOWCRAFT, INC.",Birmingham,12/28/2007,02/29/2008,246.0,Closing *
495,"PEMCO AEROPLEX, INC.",Birmingham,09/25/2007,09/01/2007,300.0,Layoff *
496,SPRING AIR COMPANY,Birmingham,09/14/2007,09/28/2007,67.0,Closing *
497,"T&WA OF BIRMINGHAM, LLC",Birmingham,04/30/2007,06/29/2007,51.0,Closing *
498,"ARAMARK MANAGEMENT SERVICES, LTD. PARTNERSHIP",Birmingham,04/12/2007,05/14/2007,232.0,Closing *
499,PLEASANT GROVE NURSING AND REHABILITATION CTR. LLC,Pleasant Grove,02/13/2007,02/19/2007,175.0,Closing *
500,KOCH FOODS OF ALABAMA-SYLACAUGA,Sylacauga,04/24/2007,06/22/2007,243.0,Closing *
501,WEHADKEE YARN MILLS,Talladega,04/19/2007,06/20/2007,85.0,Closing *
502,"TYSON FOODS, INC. (HEFLIN)",Heflin,04/04/2007,06/04/2007,21.0,Closing *
503,AC FABRICATED PRODUCTS (JACKSON),Jackson,03/23/2007,10/01/2010,65.0,Closing *
504,"TYSON FOODS, INC. (GADSDEN)",Gadsden,03/22/2007,05/21/2007,400.0,Layoff *
505,"SOUTHERN PRIDE CATFISH, LLC",Demopolis,02/20/2007,03/31/2007,150.0,Closing *
506,TRIANA INDUSTRIES,Triana,03/13/2007,05/12/2007,150.0,Layoff *
507,LP BUILDING PRODUCTS-SELMA,Selma,03/05/2007,04/13/2007,107.0,Closing *
508,"RUSSELL CORP., PLANT NO. 10",Alexander City,03/01/2007,03/12/2007,425.0,Closing *
509,PENDA DALEVILLE (TRI-GLAS INDUSTRIES),Daleville,02/23/2007,04/27/2007,70.0,Closing *
510,ALUTIIQ-WACKENHUT SECURITY SERVICES,Redstone Arsenal,02/05/2007,04/01/2007,99.0,Closing *
511,ELASTIC CORPORATION,Columbiana,01/19/2007,03/24/2007,233.0,Closing *
512,"WESTPOINT HOME, INC., TRANSPORTATION CENTER",Valley,01/16/2007,03/14/2007,60.0,Closing *
513,"VANITY FAIR BRANDS, LP",Monroeville,05/08/2007,09/01/2007,210.0,Closing *
514,WESTPOINT HOME-FAIRFAX MILL,Valley,05/04/2007,06/29/2007,30.0,Closing *
515,DIXIE-PACIFIC MFG. COMPANY,Gadsden,12/19/2007,02/08/2008,172.0,Closing *
516,WESTPOINT HOME-FAIRFAX FINISHING PLANT,Valley,12/10/2007,02/07/2008,200.0,Closing *
517,WESTPOINT HOME-FAIRFAX FABRICATION PLANT,Valley,12/10/2007,02/07/2008,650.0,Closing *
518,SPRINGS GLOBAL,Piedmont,12/10/2007,04/30/2008,325.0,Closing *
519,PARKDALE MILLS,Rockford,11/20/2007,01/13/2007,100.0,Closing *
520,WELLSTONE MILLS-PLANT 2,Eufaula,12/04/2007,12/04/2007,117.0,Closing *
521,CHAMPION HOME BUILDERS (GATEWAY HOMES),Guin,11/27/2007,01/31/2008,196.0,Closing *
522,HALDEX BRAKE PRODUCTS CORP.,Prattville,11/15/2007,01/24/2008,85.0,Layoff *
523,GENERAL CASUALTY INSURANCE,Montgomery,10/30/2007,01/01/2008,87.0,Closing *
524,"WOLVERINE TUBE, INC.",Decatur,11/08/2007,01/06/2008,464.0,Closing *
525,DELPHI STEERING SYSTEMS,Athens,10/31/2007,12/03/2007,1020.0,Closing *
526,BEAULIEU OF AMERICA,Boaz,10/03/2007,12/03/2007,140.0,Closing *
527,WESTPOINT HOME-CARTER PLANT,Valley,10/02/2007,11/29/2007,350.0,Closing *
528,CONTINENTAL EAGLE CORP.,Prattville,08/28/2007,11/20/2007,150.0,Closing *
529,REGIONS FINANCIAL CORP.,Montgomery,09/05/2007,06/01/2008,625.0,Layoff *
530,WISE ALLOYS LLC,Muscle Shoals,08/31/2007,11/02/2007,301.0,Layoff *
531,SMURFIT-STONE CONTAINER,Brewton,08/10/2007,10/06/2007,75.0,Layoff *
532,WESTPOINT HOME-LANIER PLANT,Valley,07/26/2007,09/24/2007,300.0,Closing *
533,WELLSTONE MILLS-PLANT 1,Eufaula,07/27/2007,07/31/2007,125.0,Closing *
534,"DELTA APPAREL, INC.",Fayette,07/17/2007,09/14/2007,109.0,Closing *
535,SARA LEE BAKERY GROUP,Dothan,06/01/2007,07/28/2007,99.0,Layoff *
536,WESTPOINT HOME-ABBEVILLE,Abbeville,05/29/2007,07/27/2007,700.0,Closing *
537,WESTPOINT HOME-GRIFFTEX CHEMICAL PLANT,Opelika,05/29/2007,07/27/2007,13.0,Closing *
538,WESTPOINT HOME-OPELIKA FINISHING PLANT,Opelika,05/29/2007,07/27/2007,350.0,Closing *
539,SENTINEL CONSUMER PRODUCTS,Anniston,05/08/2007,05/31/2007,73.0,Closing *
540,MASONITE INTERNATIONAL CORP.,Mobile,01/25/2006,05/16/2008,260.0,Closing *
541,"SAKS, INC.",Birmingham,11/09/2006,01/31/2007,90.0,Layoff *
542,PARISIAN CORPORATE HEADQUARTER (BELK #953),Birmingham,11/06/2006,03/15/2007,414.0,Closing *
543,SODEXHO HEALTH CARE SERVICE-D/B/A CARRAWAY MED CTR,Birmingham,10/26/2006,11/08/2006,132.0,Closing *
544,"DRUMMOND COMPANY, INC.",Adger,10/05/2006,12/06/2006,475.0,Layoff *
545,"SOUTHERN FAMILY MARKETS, LLC",Birmingham,08/29/2006,09/25/2006,278.0,Layoff *
546,CARDINAL HEALTH,Birmingham,08/08/2006,10/06/2006,49.0,Layoff *
547,"VESTA INSURANCE GROUP, INC.",Birmingham,11/17/2006,12/29/2006,74.0,Closing *
548,FEDERAL RESERVE OF ATLANTA,Birmingham,07/26/2006,09/29/2006,54.0,Layoff *
549,HOUSING AUTHORITY OF THE BIRMINGHAM DISTRICT,Birmingham,05/10/2006,06/10/2006,143.0,Layoff *
550,KRAFT FOODS,Hoover,02/07/2006,04/23/2006,61.0,Closing *
551,MCRAE'S,Birmingham,01/04/2006,03/31/2006,87.0,Closing *
552,JOHNS MANVILLE COMPANY,Phenix City,12/06/2006,12/31/2006,150.0,Closing *
553,"RENFRO-CHARLESTON HOSIERY, LLC",Fort Payne,12/07/2006,02/05/2007,174.0,Closing *
554,PARISIAN DISTRIBUTION CENTER-BELK #741,Steele,12/01/2006,03/15/2007,84.0,Closing *
555,"WAVERLEE HOMES, INC.",Tuscumbia,11/20/2006,01/10/2007,92.0,Closing *
556,IMPERIAL MANUFACTURING,Montgomery,11/02/2006,12/31/2006,30.0,Closing *
557,SCHNEIDER NATIONAL CARRIERS,Evergreen,11/01/2006,12/31/2006,52.0,Closing *
558,"SHAW INDUSTRIES GROUP, INC.",Stevenson,10/25/2006,12/22/2006,236.0,Layoff *
559,"THE ALAN WHITE COMPANY, INC.",Sulligent,10/25/2006,12/24/2006,124.0,Closing *
560,"CREATIVE ENGINEERED POLYMER PRODUCTS, LLC.",Tuscaloosa,10/16/2006,12/06/2006,145.0,Closing *
561,PERFORMANCE FIBERS,Scottsboro,10/04/2006,12/29/2006,139.0,Closing *
562,"LEAR SIEGLER SERVICES, INC.",Fort Rucker,09/22/2006,10/31/2006,421.0,Closing *
563,ALATECH HEALTHCARE PRODUCTS,Eufaula,09/15/2006,11/15/2006,50.0,Layoff *
564,ALATECH HEALTHCARE PRODUCTS,Slocomb,09/15/2006,11/15/2006,100.0,Layoff *
565,AC FABRICATED PRODUCTS-CHATOM,Chatom,09/07/2006,10/31/2006,146.0,Closing *
566,WESTPOINT HOME-LANETT,Lanett,09/05/2006,11/04/2006,370.0,Closing *
567,WESTPOINT HOME-OPELIKA,Opelika,09/05/2006,11/04/2006,325.0,Closing *
568,"BF GOODRICH TIRE MFG., OPELIKA",Opelika,07/11/2006,07/01/2009,1350.0,Closing *
569,ACE PRODUCTS,Lineville,07/05/2006,11/30/2006,102.0,Closing *
570,PALM HARBOR HOMES,Boaz,06/30/2006,08/29/2006,215.0,Closing *
571,INDIES HOUSE,Hackleburg,06/16/2006,05/24/2006,356.0,Closing *
572,COOPER HAND TOOLS,Cullman,03/08/2006,08/18/2006,52.0,Layoff *
573,"DELTA AIRLINES, INC.",Montgomery,06/12/2006,09/01/2006,150.0,Closing *
574,NORTHROP GRUMMAN CORPORATION,Redstone Arsenal,06/06/2006,06/09/2006,97.0,Layoff *
575,JOHNSON CONTROLS,Montgomery,06/02/2006,05/09/2008,213.0,Closing *
576,"AVONDALE MILLS INC., PELL CITY",Pell City,05/22/2006,07/25/2006,255.0,Closing *
577,"AVONDALE MILLS, INC., SYLACAUGA",Sylacauga,05/22/2006,07/25/2006,1023.0,Closing *
578,"WESTPOINT HOME, INC.",Columbia,03/28/2006,05/26/2006,110.0,Closing *
579,PHILLIPS-VAN HEUSEN,Ozark,03/07/2006,04/17/2006,538.0,Closing *
580,GLOBE METALLURGICAL INC.,Selma,02/22/2006,03/22/2009,60.0,Closing *
581,"3D LABS, INC.",Madison,03/02/2006,04/23/2006,84.0,Layoff *
582,AC FABRICATED PRODUCTS,Silas,02/10/2006,04/06/2006,50.0,Closing *
583,DESOTO MILLS (RUSSELL CORPORATION),Fort Payne,01/24/2006,01/12/2007,220.0,Layoff *
584,DESOTO MILLS (RUSSELL CORPORATION),Fort Payne,01/24/2006,03/01/2010,104.0,Layoff *
585,"FISHKING PROCESSORS, INC.",Bayou La Batre,08/24/2005,09/19/2005,90.0,Closing *
586,PARISIAN,Birmingham,01/26/2005,01/31/2005,102.0,Closing *
587,"SIEMANS LOGISTICS AND ASSEMBLY SYSTEMS, INC.",Birmingham,01/21/2005,03/08/2005,83.0,Closing *
588,"BRUNO'S SUPERMARKETS, INC.",Birmingham,01/11/2005,03/11/2005,175.0,Layoff *
589,"FUJICOLOR PROCESSING, INC.",Birmingham,01/07/2005,01/23/2005,89.0,Closing *
590,ACCENTURE LLP,Hoover,12/05/2005,01/31/2006,125.0,Layoff *
591,ACCENTURE LLP,Birmingham,11/30/2005,01/31/2006,54.0,Layoff *
592,"WINN DIXIE FOODS, INC. STORE NO. 532",Vestavia Hills,06/21/2005,08/20/2005,75.0,Closing *
593,"SERVICE TRANSPORT, INC.",Birmingham,05/12/2005,05/05/2005,26.0,Closing *
594,DEL MONTE FOODS,Birmingham,03/24/2005,05/25/2005,80.0,Closing *
595,HEALTHSOUTH CORPORATION,Birmingham,03/21/2005,04/30/2005,111.0,Closing *
596,FEDERAL RESERVE BANK OF ATLANTA-BIRMINGHAM BRANCH,Birmingham,01/31/2005,03/31/2005,70.0,Layoff *
597,PARISIAN,Fairfield,01/26/2005,03/15/2005,87.0,Closing *
598,"JOHNSTON TEXTILES, INC.",Phenix City,08/01/2005,10/01/2005,170.0,Layoff *
599,"WINN DIXIE FOODS, INC. STORE NO. 0519",Greenville,06/21/2005,08/20/2005,70.0,Closing *
600,"WINN DIXIE FOODS, INC. STORE NO. 0529",Alabaster,06/21/2005,08/20/2005,75.0,Closing *
601,"WINN DIXIEFOODS, INC. STORE NO. 1914",Madison,06/21/2005,08/20/2005,89.0,Closing *
602,WINN DIXIE GROCERY DISTRIBUTION CENTER,Montgomery,06/21/2005,09/16/2005,154.0,Closing *
603,"SWEET SUE KITCHENS, INC.",Athens,05/23/2005,06/03/2005,161.0,Closing *
604,"SERVICE TRANSPORT, INC.",Montgomery,05/12/2005,05/05/2005,15.0,Closing *
605,"SERVICE TRANSPORT, INC.",Decatur,05/12/2005,05/05/2005,25.0,Closing *
606,GULF STATES PAPER CORPORATION,Tuscaloosa,04/29/2005,06/26/2005,80.0,Layoff *
607,CONAGRA FOODS,Montgomery,03/24/2005,03/24/2005,365.0,Closing *
608,RUSSELL CORP. (ALEX CITY),Alexander City,12/13/2005,01/29/2006,747.0,Layoff *
609,RUSSELL CORP. (PLANT #7-BLEACHERY),Alexander City,12/13/2005,01/29/2006,180.0,Closing *
610,"WRIGHT-K TECHNOLOGY, INC.",Madison,12/08/2005,02/13/2006,150.0,Closing *
611,CITATION-SOUTHERN ALUMINUM,Bay Minette,11/15/2005,11/22/2006,124.0,Layoff *
612,"WESTPOINT HOME, INC. (FAIRVIEW PLANT)",Valley,11/01/2005,12/30/2005,285.0,Closing *
613,HEALTHSOUTH,Pelham,10/06/2005,12/02/2005,70.0,Closing *
614,CARGILL,Decatur,10/06/2005,12/05/2005,106.0,Closing *
615,"BAE SYSTEMS, 10TH ST. FORGE FACILITY",Anniston,09/27/2005,12/15/2008,222.0,Layoff *
616,COMMSCOPE,Scottsboro,09/14/2005,03/31/2006,180.0,Closing *
617,"GETRONICS ENTERPRISE MANAGED SEVICES, LLC",Hartselle,09/19/2005,11/15/2005,5.0,Layoff *
618,NATIONAL LINEN AND UNIFORM SERVICE,Montgomery,09/16/2005,11/14/2005,102.0,Closing *
619,"KAPPLER, INC.",Guntersville,09/06/2005,11/05/2005,169.0,Layoff *
620,"WINN DIXIE FOODS, INC.",Florence,08/19/2005,09/02/2005,76.0,Closing *
621,"MUNDY MAINTENANCE AND SERVICES, LLC",Decatur,02/15/2005,04/15/2005,224.0,Layoff *
622,SOLUTIA,Decatur,02/14/2005,04/15/2005,208.0,Layoff *
623,TEE JAYS,Florence,02/07/2005,02/07/2005,220.0,Closing *
624,"THE BRIDGE, INC., EUFAULA YOUTH CENTER",Clayton,02/02/2005,09/30/2005,91.0,Closing *
625,BREDERO SHAW,Theodore,11/04/2004,03/15/2005,220.0,Closing *
626,AMERISOURCE BERGEN CORPORATION,Mobile,10/01/2004,12/03/2004,46.0,Closing *
627,"SYNGENTA CROP PROTECTION, INC.",Bucks,02/20/2004,03/31/2004,160.0,Closing *
628,WACHOVIA CORPORATION,Birmingham,11/24/2004,11/01/2004,1714.0,Closing *
629,"CENTRAL LAUNDRY SERVICES (SODEXHO, INC.)",Birmingham,09/30/2004,11/12/2004,63.0,Closing *
630,ELECTRONIC DATA SYSTEMS,Birmingham,09/08/2004,12/06/2004,24.0,Layoff *
631,WILLIAMS BRIDGE COMPANY,Bessemer,07/30/2004,08/08/2004,39.0,Closing *
632,HEALTHSOUTH METRO WEST HOSPITAL,Fairfield,07/02/2004,09/02/2004,506.0,Closing *
633,RICH'S-MACY'S CENTURY PLAZA STORE,Birmingham,01/20/2004,03/16/2004,75.0,Closing *
634,WACHOVIA CORPORATION,Montgomery,11/24/2004,01/30/2005,50.0,Closing *
635,CHAMPION HOMES OF BOAZ (CHANDELEUR HOMES),Boaz,12/29/2004,01/03/2005,180.0,Closing *
636,"THE BRIDGE, INC.",Decatur,12/03/2004,12/31/2004,3.0,Closing *
637,"MEDLINE INDUSTRIES, INC.",Monroeville,10/12/2004,12/30/2004,134.0,Closing *
638,BERWICK OFFRAY,Anniston,10/05/2004,01/01/2005,89.0,Closing *
639,DOZIER MANUFACTURING,Dozier,10/02/2004,12/04/2004,130.0,Closing *
640,WEST TELEMARKETING CORPORATION,Huntsville,08/20/2004,10/18/2004,1081.0,Closing *
641,"THE BRIDGE, INC. (HANDS HOME)",Decatur,08/20/2004,09/30/2004,11.0,Closing *
642,AMERISOURCEBERGEN,Montgomery,07/28/2004,10/22/2004,60.0,Closing *
643,"REGIONS FINANCIAL CORP., MORTGAGE DEPT.",Montgomery,04/28/2004,09/30/2004,341.0,Closing *
644,WAL-MART CHECK COLLECTION CENTER,Tuscaloosa,07/19/2004,09/16/2004,87.0,Layoff *
645,WEST CORPORATION,Dothan,07/09/2004,09/07/2004,200.0,Closing *
646,UNION PLANTERS BANK,Montgomery,07/07/2004,09/30/2004,74.0,Closing *
647,EMPIRE COKE COMPANY,Holt,06/30/2004,06/30/2004,141.0,Closing *
648,"USA HEALTHCARE, INC.",Cullman,06/25/2004,06/29/2004,700.0,Closing *
649,ROYAL HARVEST FOODS,Marion,05/19/2004,07/17/2004,95.0,Closing *
650,WEHADKEE YARN MILLS-ROCK MILLS DIVISION,Roanoke,04/27/2004,05/07/2004,45.0,Closing *
651,"DESIGNER CHECKS, INC.",Anniston,04/08/2004,10/15/2004,182.0,Closing *
652,MONESSEN HEARTH SYSTEMS,Athens,04/01/2004,06/01/2004,63.0,Closing *
653,M&H VALVE COMPANY,Anniston,03/29/2004,05/28/2004,64.0,Layoff *
654,DELPHI PACKARD,Gadsden,03/19/2004,05/17/2004,118.0,Layoff *
655,"USA HEALTHCARE, LLC",Cullman,03/01/2004,04/30/2004,700.0,Closing *
656,VERIZON WIRELESS,Dothan,02/20/2004,04/30/2004,50.0,Closing *
657,WERNER COMPANY,Anniston,02/17/2004,04/30/2004,530.0,Closing *
658,"JIM WALTER RESOURCES, INC.",Brookwood,02/05/2004,12/02/2004,320.0,Closing *
659,ADVANCE AUTO PARTS DISTRIBUTION CENTER,Gadsden,01/16/2004,03/15/2004,140.0,Closing *
660,AAA PLUMBING POTTERY CO.,Attalla,01/13/2004,02/23/2004,226.0,Closing *
661,WESTPOINT STEVENS (FAIRFAX GREIGE PLANT),Valley,01/09/2004,07/16/2004,300.0,Closing *
662,WEST CORPORATION,Mobile,09/03/2003,10/29/2003,395.0,Closing *
663,BE & K INDUSTRIAL SERVICES (DUPONT PLANT),Axis,08/27/2003,09/21/2003,85.0,Closing *
664,KELLOGG BROWN & ROOT,Mobile,06/19/2003,08/22/2003,140.0,Closing *
665,KERR-MCGEE CHEMICAL LLC,Theodore,01/15/2003,06/05/2003,139.0,Closing *
666,KMART CORPORATION # 7435,Mobile,01/14/2003,03/21/2003,25.0,Closing *
667,TENET PATIENT FINANCIAL SERVICES-BROOKWOOD MEDICAL,Birmingham,10/14/2003,12/05/2003,50.0,Closing *
668,DAYTON SUPERIOR MANUFACTURING,Birmingham,09/12/2003,11/10/2003,150.0,Closing *
669,"CONSTAR, INC.",Birmingham,09/08/2003,11/03/2003,48.0,Closing *
670,"GOLD KIST, INC.",Trussville,09/03/2003,11/02/2003,490.0,Closing *
671,COPPERWELD (AKA LTV COPPERWELD),Birmingham,05/12/2003,07/08/2003,54.0,Closing *
672,OVATIONS (A UNITEDHEALTH GROUP COMPANY),Birmingham,03/28/2003,06/02/2003,74.0,Closing *
673,BAKE-LINE GROUP,Birmingham,01/31/2003,04/01/2003,139.0,Closing *
674,CLARKE AMERICAN,Birmingham,01/16/2003,03/17/2003,71.0,Closing *
675,DYNCORP TECHNICAL SERVICES,Daleville,09/29/2003,11/30/2003,3157.0,Closing *
676,"GOODYEAR DUNLOP TIRE NA, LTD.",Huntsville,10/07/2003,12/05/2003,1160.0,Closing *
677,SARA LEE BAKERY GROUP,Fort Payne,09/12/2003,09/26/2003,800.0,Closing *
678,"DANA CORP.,  SPICER TRAILER PRODUCTS",Montgomery,09/15/2003,11/11/2003,98.0,Closing *
679,BECHTEL POWER CORPORATION,Decatur,08/26/2003,09/30/2003,686.0,Closing *
680,CROWNTUFT,Heflin,08/01/2003,09/29/2003,53.0,Closing *
681,PILLOWTEX CORPORATION,Phenix City,07/30/2003,07/31/2003,216.0,Closing *
682,"PILLOWTEX, INC.",Scottsboro,07/30/2003,07/30/2003,265.0,Closing *
683,"BEMIS COMPANY, INC.",Prattville,07/22/2003,09/21/2003,85.0,Closing *
684,WESTPOINT STEVENS,Greenville,06/27/2003,09/01/2003,65.0,Layoff *
685,UAW/DAIMLER CHRYSLER CHILD DEVELOPMENT,Huntsville,06/19/2003,08/29/2003,56.0,Closing *
686,"DILLARD'S INC., MONTGOMERY MALL",Montgomery,12/18/2003,02/16/2004,165.0,Closing *
687,"NEW TECHNOLOGY, INC.",Huntsville,12/17/2003,12/31/2003,94.0,Layoff *
688,"MOHAWK INDUSTRIES, INC.",Talladega,11/17/2003,01/30/2004,125.0,Closing *
689,CLEANERS HANGER COMPANY (CHC),Gadsden,12/01/2003,11/21/2003,50.0,Closing *
690,ENCOMPASS GROUP (DOWLING MANUFACTURING),Clio,11/25/2003,01/30/2004,91.0,Closing *
691,ARCATA ASSOCIATES,Huntsville,11/24/2003,12/31/2003,66.0,Closing *
692,"JOHNSTON INDUSTRIES, INC.",Valley,11/24/2003,12/15/2003,191.0,Closing *
693,WESTPOINT STEVENS (LANIER PLANT),Valley,11/17/2003,01/16/2004,300.0,Closing *
694,JVC,Tuscaloosa,11/14/2003,01/31/2004,120.0,Layoff *
695,DIGITALNET GOVERNMENT SOLUTIONS,Huntsville,11/03/2003,03/30/2004,56.0,Closing *
696,LOCKHEED MARTIN,Huntsville,11/04/2003,12/31/2003,118.0,Layoff *
697,COMPUTER SCIENCES CORPORATION,Huntsville,11/03/2003,03/30/2004,667.0,Layoff *
698,"ONESOURCE FACILITY SERVICES, INC.",Tuskegee,09/30/2003,01/15/2004,144.0,Closing *
699,L3 COMMUNICATIONS,Fort Rucker,09/29/2003,11/27/2003,57.0,Closing *
700,"FLEMING COMPANIES, INC.",Geneva,05/27/2003,05/30/2003,159.0,Closing *
701,INTERNATIONAL PAPER,Moundville,05/20/2003,05/20/2003,172.0,Closing *
702,"AVONDALE MILLS, INC., BEVILLE PLANT",Alexander City,05/22/2003,07/24/2003,174.0,Layoff *
703,FISKARS' HOME LEISURE (AMERICAN DESIGNER POTTERY),Opelika,05/21/2003,07/21/2003,76.0,Closing *
704,"CORTEZ, INC.",Marshall Center,05/12/2003,07/18/2003,157.0,Closing *
705,UNITED STATES PIPE & FOUNDRY CO.,Anniston,04/29/2003,04/29/2003,80.0,Closing *
706,MEADOW GOLD DAIRIES,Huntsville,04/25/2003,06/24/2003,140.0,Closing *
707,"LEXINGTON FABRICS, INC.",Florence,04/10/2003,04/11/2003,242.0,Closing *
708,"AVONDALE MILLS, INC.",Bon Air,03/13/2003,05/16/2003,114.0,Closing *
709,WEYERHAEUSER PLYWOOD FACILITY,Millport,02/26/2003,05/04/2003,250.0,Closing *
710,WISE ALLOYS LLC,Sheffield,01/31/2003,08/09/2004,66.0,Closing *
711,"CHAROEN POKPHAND (USA), INC.",Bakerhill,01/27/2003,03/30/2003,15.0,Closing *
712,KMART CORPORATION STORE # 4833,Atmore,01/14/2003,03/21/2003,100.0,Closing *
713,KMART CORPORATION STORE #3132,Montgomery,01/14/2003,03/21/2003,150.0,Closing *
714,KMART - STORE #3671,Madison,01/14/2003,03/21/2003,64.0,Closing *
715,"DILLARD'S INC., MOBILE",Mobile,12/02/2002,02/01/2003,152.0,Closing *
716,"MUNDY MAINTENANCE AND SERVICES, LLC",Theodore,10/03/2002,11/01/2002,90.0,Closing *
717,DEGUSSA CORP./BASF,Theodore,05/07/2002,08/31/2002,94.0,Closing *
718,MOBILE PULLEY AND MACHINE WORKS,Mobile,02/02/2002,04/22/2002,134.0,Closing *
719,OCAL INC.,Mobile,01/09/2002,12/20/2002,221.0,Closing *
720,"UNR ROHN, INC.",Bessemer,11/06/2002,12/31/2002,115.0,Closing *
721,"CUMMINS ALABAMA, INC.",Birmingham,11/05/2002,12/30/2002,63.0,Closing *
722,CONSOLIDATED FREIGHTWAYS,Birmingham,09/12/2002,09/01/2002,104.0,Closing *
723,FIRST SOURCE FURNITURE GROUP,Leeds,05/13/2002,05/09/2002,134.0,Closing *
724,"SRM AGGREGATES, INC.",Birmingham,03/22/2002,05/15/2002,177.0,Closing *
725,KMART CORPORATION-STORE 3356,Birmingham,03/11/2002,05/07/2002,80.0,Closing *
726,KMART CORPORATION-STORE 3528,Birmingham,03/11/2002,05/07/2002,80.0,Closing *
727,KMART CORPORATION-STORE 3930,Fairfield,03/11/2002,05/07/2002,90.0,Closing *
728,MACY'S EAST (GALLERIA MALL),Hoover,01/22/2002,03/24/2002,192.0,Closing *
729,TEE JAYS,Florence,07/03/2002,08/31/2002,207.0,Layoff *
730,CASH VALVE,Cullman,06/04/2002,07/15/2002,50.0,Layoff *
731,NESTLE PURINA PETCARE COMPANY,Decatur,05/23/2002,08/02/2002,125.0,Closing *
732,AMERICAN CANDY COMPANY,Selma,05/08/2002,05/10/2002,330.0,Layoff *
733,INVITROGEN CORPORATION,Huntsville,04/25/2002,04/25/2002,250.0,Closing *
734,GENESYS CONFERENCING,Montgomery,04/18/2002,06/12/2002,85.0,Closing *
735,"CLARK ALABAMA, INC.",Pell City,04/15/2002,09/01/2002,52.0,Closing *
736,WIEGAND APPLIANCE DIVISION,Vernon,04/05/2002,08/01/2002,219.0,Layoff *
737,BELLSOUTH,Decatur,03/22/2002,05/31/2002,55.0,Closing *
738,KMART CORPORATION-STORE 3849,Huntsville,03/11/2002,05/07/2002,70.0,Closing *
739,KMART CORPORATION-STORE 7336,Pelham,03/11/2002,05/07/2002,70.0,Closing *
740,KMART CORPORATION-STORE 4836,Ozark,03/11/2002,05/07/2002,80.0,Closing *
741,GETRONICS,Huntsville,03/01/2002,04/30/2002,62.0,Closing *
742,PILLOWTEX CORPORATION,Phenix City,02/28/2002,03/31/2002,818.0,Layoff *
743,"FAYETTE COTTON MILL, INC.",Fayette,02/28/2002,09/28/2003,286.0,Closing *
744,WEHADKEE YARN MILLS-CHINNABEE PLANT,Talladega,02/19/2002,04/19/2002,90.0,Closing *
745,OWENS CORNING,Athens,01/30/2002,03/31/2002,63.0,Closing *
746,TYCO ELECTRONICS,Arab,01/11/2002,03/04/2002,256.0,Closing *
747,"KMART CORPORATION, STORE # 3054",Montgomery,01/14/2002,03/21/2003,150.0,Closing *
748,SARA LEE BAKING GROUP,Huntsville,12/30/2002,02/28/2003,72.0,Closing *
749,OPP & MICOLAS MILLS (JOHNSTON INDUSTRIES),Opp,12/18/2002,12/18/2002,647.0,Closing *
750,BE & K CONSTRUCTION COMPANY,Decatur,11/05/2002,01/02/2003,108.0,Layoff *
751,"ARDCO HOLDINGS, INC.",Scottsboro,10/21/2002,12/16/2002,140.0,Closing *
752,SANMINA-SCI CORPORATION (PLANT 5),Huntsville,10/15/2002,10/28/2002,124.0,Closing *
753,BOISE PAPER SOLUTIONS,Jackson,09/26/2002,12/02/2002,78.0,Layoff *
754,"SUMMA TECHNOLOGY, INC.",Cullman,09/04/2002,10/31/2002,66.0,Layoff *
755,SIEMENS WESTINGHOUSE,Fort Payne,08/30/2002,10/28/2002,200.0,Layoff *
756,CROWNTUFT,Heflin,08/26/2002,10/21/2002,147.0,Layoff *
757,"SCHOOL SPECIALTY, INC.",Lineville,08/22/2002,10/18/2002,58.0,Closing *
758,TRILLIUM TUSCALOOSA,Tuscaloosa,08/07/2002,10/06/2002,133.0,Layoff *
759,"ANSELL HEALTHCARE PRODUCTS, INC.",Troy,08/02/2002,09/30/2002,125.0,Closing *
760,FIRST CORRECTIONS CORPORATION,Clayton,07/31/2002,09/30/2002,87.0,Closing *
761,"LIZ CLAIRBORNE, INC.",Montgomery,07/31/2002,10/04/2002,341.0,Closing *
762,HUNTLEIGH USA CORPORATION,Huntsville,07/30/2002,11/19/2002,27.0,Closing *
763,"BELLSOUTH CALL CENTER, MONTGOMERY",Montgomery,07/01/2002,09/30/2002,85.0,Closing *
764,INTERNATIONAL PAPER-MOBILE PACKAGING FACILITY,Mobile,05/29/2001,06/15/2001,137.0,Layoff *
765,SAPPI LTD.,Mobile,05/07/2001,05/15/2001,500.0,Closing *
766,"ACTEL COMMUNICATIONS, INC.",Mobile,04/16/2001,04/11/2001,175.0,Closing *
767,"ACORDIS CELLULOSIC FIBERS, INC.",Axis,04/03/2001,06/04/2001,324.0,Closing *
768,CINGULAR WIRELESS,Mobile,07/11/2001,09/15/2001,89.0,Closing *
769,"THOMAS FOUNDRY (SVEDALA INDUSTRIES, INC.)",Birmingham,11/14/2001,01/15/2002,86.0,Closing *
770,"BUTLER MANUFACTURING COMPANY, INC.",Birmingham,10/02/2001,12/01/2001,99.0,Layoff *
771,CLASSROOM DIRECT,Birmingham,08/13/2001,10/27/2001,71.0,Closing *
772,SECURITYLINK,Birmingham,07/26/2001,09/25/2001,91.0,Closing *
773,CINGULAR WIRELESS,Birmingham,07/03/2001,08/31/2001,208.0,Closing *
774,"COOK PUBLICATIONS, INC.",Birmingham,07/02/2001,09/17/2001,56.0,Layoff *
775,SIRCO SYSTEMS,Birmingham,05/07/2001,07/01/2001,46.0,Closing *
776,"MEDIA SERVICES, INC.",Birmingham,03/26/2001,05/18/2001,224.0,Closing *
777,PLIANT CORPORATION,Birmingham,02/28/2001,04/28/2001,94.0,Closing *
778,MICHEL COMPANY,Birmingham,02/26/2001,04/16/2001,1.0,Layoff *
779,"SONICS ASSOCIATES, INC.",Birmingham,02/27/2001,04/20/2001,75.0,Layoff *
780,CONNECTSOUTH,Birmingham,02/23/2001,02/23/2001,9.0,Closing *
781,GOODRICH AEROSTRUCTURES GROUP,Foley,12/28/2001,03/01/2002,350.0,Closing *
782,CAM,Chatom,12/14/2001,02/12/2002,91.0,Closing *
783,NOKIA BROADBAND ACCESS,Huntsville,12/05/2001,02/04/2002,71.0,Closing *
784,AMERICOLD COMPRESSORS,Cullman,10/31/2001,03/08/2002,476.0,Closing *
785,BE&K CONSTRUCTION COMPANY,Decatur,11/27/2001,01/03/2002,110.0,Closing *
786,"THE HUDSON COMPANIES, INC.",Troy,11/19/2001,01/21/2002,150.0,Closing *
787,RUSSELL CORPORATION,Alexander City,11/14/2001,11/26/2001,275.0,Closing *
788,"VANITY FAIR INTIMATES, ATMORE",Atmore,11/16/2001,01/14/2002,509.0,Closing *
789,"WABASH ALLOYS, LLC",Russellville,02/26/2001,04/15/2001,60.0,Closing *
790,TRIMS UNLIMITED,Greenville,02/16/2001,04/18/2002,64.0,Layoff *
791,OPELIKA FOUNDRY COMPANY,Opelika,02/16/2001,04/16/2001,71.0,Closing *
792,"TRINITY INDUSTRIES, INC.",Montgomery,02/12/2001,04/13/2001,225.0,Closing *
793,GOLDEN ROD BROILERS,Greensboro,01/13/2001,04/13/2001,179.0,Closing *
794,INTERNATIONAL WIRE,Elkmont,02/12/2001,04/13/2001,33.0,Closing *
795,INTERNATIONAL WIRE,Ardmore,02/12/2001,04/13/2001,29.0,Closing *
796,CONAGRA POULTRY COMPANY,Enterprise,02/01/2001,02/05/2001,100.0,Layoff *
797,"A-1 MANUFACTURING CO., INC.",Brilliant,01/29/2001,03/27/2001,77.0,Closing *
798,"MI-TECH STEEL, INC.",Decatur,01/23/2001,03/23/2001,65.0,Closing *
799,THERMO KING,Montgomery,01/18/2001,04/30/2001,200.0,Closing *
800,"CULP, INC.",Wetumpka,01/22/2001,03/09/2001,122.0,Closing *
801,PILLIOD FURNITURE INC.,Selma,01/18/2001,03/19/2001,165.0,Layoff *
802,PACIFICORP SYN FUEL LLC,Quinton,01/17/2001,03/17/2001,64.0,Closing *
803,"VF JEANSWEAR, RED BAY",Red Bay,11/14/2001,01/13/2002,273.0,Closing *
804,"VF JEANSWEAR, RUSSELLVILLE",Russellville,11/14/2001,01/13/2002,574.0,Closing *
805,"VF JEANSWEAR, ONEONTA",Oneonta,11/14/2001,01/13/2002,681.0,Closing *
806,"VF JEASWEAR, FLORENCE",Florence,11/14/2001,01/13/2002,434.0,Closing *
807,"VF JEANSWEAR, HANCEVILLE",Hanceville,11/14/2001,01/13/2002,217.0,Closing *
808,THE PHILLIPS-VAN HEUSEN CORP.,Ozark,11/07/2001,01/06/2002,102.0,Layoff *
809,AMERICAN FINE WIRE,Selma,11/06/2001,01/01/2002,53.0,Closing *
810,BOWATER-COOSA PINES OPERATIONS,Coosa Pines,11/02/2001,01/01/2002,314.0,Layoff *
811,ACORDIS INDUSTRIAL FIBERS,Scottsboro,10/29/2001,12/28/2001,263.0,Layoff *
812,"INTERMET-ALEX CITY CASTING COMPANY, INC.",Alexander City,10/24/2001,12/23/2001,117.0,Closing *
813,"PROMOWERKS, INC.",Phenix City,10/02/2001,11/30/2001,15.0,Closing *
814,"DANA CORPORATION, RIDE & CONTROL SYSTEMS",Anniston,10/04/2001,11/15/2001,24.0,Closing *
815,RUSSELL CORP. (TEXTILE/ATHLETIC'S OPERATIONS),Alexander City,10/01/2001,10/26/2001,150.0,Layoff *
816,ARVINMERITOR INC.,Fayette,08/20/2001,10/19/2001,371.0,Closing *
817,"TNS MILLS, INC.",Eufaula,08/09/2001,04/14/2001,132.0,Closing *
818,SCOTTSBORO ALUMINUM,Scottsboro,08/06/2001,07/06/2001,450.0,Closing *
819,"HY-TOP SPORTSWEAR, INC.",Geraldine,08/03/2001,08/10/2001,70.0,Closing *
820,"NEW TECHNOLOGY, INC.",Huntsville,08/02/2001,09/30/2001,114.0,Layoff *
821,HILTON CORPORATE CASUALS,Thomasville,07/19/2001,09/15/2001,131.0,Layoff *
822,TEE JAYS,Florence,07/16/2001,09/14/2001,660.0,Layoff *
823,"A.J. GERRARD COMPANY, INC.",Florence,07/06/2001,06/18/2001,95.0,Closing *
824,HEALTHTEX,Centreville,07/09/2001,09/07/2001,296.0,Closing *
825,PILLOWTEX CORPORATION,Phenix City,06/29/2001,07/09/2001,56.0,Closing *
826,AMERICAN NONWOVEN CORPORATION,Talladega,06/29/2001,07/31/2001,40.0,Closing *
827,EVENFLO,Jasper,06/26/2001,06/26/2001,88.0,Closing *
828,RUSSELL CORPORATION-HI-TECH SEWING PLANT,Alexander City,06/08/2001,06/30/2001,169.0,Closing *
829,RUSSELL CORPORATION-COOSA RING SPINNING PLANT,Alexander City,06/08/2001,07/15/2001,145.0,Closing *
830,RUSSELL CORPORATION-JERZEES SEWING PLANT,Lafayette,06/08/2001,06/30/2001,220.0,Closing *
831,RUSSELL CORPORATION-TEXTILE PLANT,Sylacauga,06/08/2001,06/30/2001,265.0,Closing *
832,LOUISIANA PACIFIC CORPORATION,Evergreen,05/24/2001,06/08/2001,67.0,Closing *
833,"SILICON GRAPHICS, INC. (SGI)",Huntsville,05/29/2001,07/23/2001,38.0,Layoff *
834,HEILIG-MEYERS FURNITURE,Russellville,05/24/2001,07/20/2001,76.0,Closing *
835,GREIF BROTHERS CORPORATION,Cullman,05/10/2001,07/01/2001,67.0,Closing *
836,M. FINE & SON,Killen,05/03/2001,05/02/2001,35.0,Closing *
837,INTERNATIONAL WIRE,Elkmont,04/20/2001,08/31/2001,63.0,Closing *
838,"TRICO STEEL COMPANY, LLC",Decatur,03/27/2001,03/22/2001,260.0,Closing *
839,GULF STATES PAPER CORPORATION,Maplesville,03/26/2001,06/15/2001,231.0,Layoff *
840,"DEFENDER SERVICES, INC. (FAYETTE MFG CO)",Fayette,03/26/2001,03/16/2001,168.0,Closing *
841,"ABC-NACO, INC.",Calera,03/14/2001,10/09/2001,300.0,Layoff *
842,GOLDEN RULE PRINTING,Huntsville,03/14/2001,05/09/2001,60.0,Closing *
843,"UNION YARN MILLS, INC.",Jacksonville,03/15/2001,03/30/2001,200.0,Closing *
844,DOUBLE SPRINGS CORPORATION,Double Springs,03/05/2001,03/26/2001,93.0,Closing *
845,"SCI SYSTEMS, INC.",Arab,03/01/2001,04/30/2001,337.0,Closing *
846,"SOUTHERN ENERGY RESOURCES, INC.",Mobile,12/14/2000,02/12/2001,66.0,Closing *
847,SPECIALTY MINERALS,Chickasaw,10/30/2000,12/31/2000,5.0,Closing *
848,INTERNATIONAL PAPER COMPANY,Mobile,10/18/2000,12/31/2000,790.0,Closing *
849,"BARBER DAIRIES, INC.",Mobile,06/01/2000,09/30/2000,70.0,Closing *
850,"RUBY TUESDAY, INC.",Mobile,02/11/2000,05/10/2000,160.0,Closing *
851,CHARTER HOSPITAL OF MOBILE,Mobile,01/28/2000,01/28/2000,112.0,Closing *
852,FAIRPOINT COMMUNICATIONS SOLUTIONS CORP.,Birmingham,12/18/2000,12/18/2000,60.0,Closing *
853,KMART CORPORATION,Bessemer,08/03/2000,10/05/2000,104.0,Closing *
854,"GUZZLER MANUFACTURING, INC.",Birmingham,08/02/2000,10/01/2000,115.0,Closing *
855,UNIPRISE,Birmingham,07/05/2000,09/01/2000,154.0,Closing *
856,GRIFFIN WHEEL COMPANY,Bessemer,05/12/2000,07/17/2000,117.0,Layoff *
857,COMDATA,Birmingham,04/27/2000,05/19/2000,120.0,Closing *
858,DANKA OFFICE IMAGING COMPANY,Birmingham,03/27/2000,05/15/2000,52.0,Closing *
859,KMART CORPORATION,Birmingham,03/13/2000,06/07/2000,89.0,Closing *
860,U.S. AIRWAYS,Birmingham,02/28/2000,03/25/2000,39.0,Closing *
861,TENET PHYSICIAN SERVICES,Birmingham,02/28/2000,10/15/1999,76.0,Closing *
862,PACKARD-HUGHES INTERCONNECT,Robertsdale,12/04/2000,02/05/2001,475.0,Closing *
863,DORSEY TRAILERS,Elba,11/30/2000,12/01/2000,650.0,Closing *
864,LOUISIANA- PACIFIC CORPORATION,Clayton,12/05/2000,11/29/2000,225.0,Closing *
865,AMETEK PRESTOLITE MOTORS USA,Decatur,11/27/2000,12/15/2000,250.0,Closing *
866,"JOHNSTON INDUSTRIES, INC.",Phenix City,11/22/2000,01/20/2001,175.0,Layoff *
867,"ALICEVILLE COTTON MILL, INC.",Aliceville,11/09/2000,11/09/2000,170.0,Closing *
868,TALLADEGA COLLEGE,Talladega,11/07/2000,01/06/2001,51.0,Layoff *
869,"LIBERTY TROUSER, INC",Boaz,10/30/2000,12/31/2000,85.0,Closing *
870,"WAVERLEE HOMES, INC.",Tuscumbia,10/20/2000,12/22/2000,140.0,Closing *
871,"INTERNATIONAL PAPER, INC.",Courtland,10/23/2000,12/31/2000,400.0,Layoff *
872,CMI INDUSTRIES INC.,Geneva,10/17/2000,12/14/2000,420.0,Layoff *
873,BEAULIEU-COLUMBUS MILLS,Phenix City,10/11/2000,12/02/2000,122.0,Closing *
874,RUSSELL YARNS,Alexander City,10/10/2000,10/09/2000,90.0,Closing *
875,"CRAFTWOOD DESIGN, INC.",Haleyville,10/17/2000,12/03/2000,80.0,Closing *
876,"WINFIELD COTTON MILL, INC.",Winfield,10/05/2000,10/06/2000,215.0,Closing *
877,CITATION MARION,Marion,09/18/2000,10/13/2000,110.0,Layoff *
878,DANA CORPORATION-SPICER TRAILER PRODUCTS DIV.,Montgomery,08/23/2000,10/31/2000,60.0,Layoff *
879,"ANSELL HEALTHCARE PRODUCTS, INC.",Dothan,08/16/2000,10/15/2000,128.0,Layoff *
880,"KMART CORPORATION, BREWTON",Brewton,08/07/2000,10/05/2000,85.0,Closing *
881,"GULF STATES STEEL, INC.",Gadsden,08/07/2000,08/08/2000,1690.0,Closing *
882,"RUST CONSTRUCTORS, INC.",Decatur,07/26/2000,09/05/2000,65.0,Closing *
883,MCQUAY INTERNATIONAL,Scottsboro,07/18/2000,09/30/2000,336.0,Closing *
884,ARROW SHIRT,Albertville,05/10/2000,09/25/2000,295.0,Closing *
885,"HAGER HINGE, INC.",Oxford,06/28/2000,09/08/2000,75.0,Closing *
886,"BUCCANEER HOMES, INC.",Winfield,06/01/2000,07/31/2000,96.0,Closing *
887,REDMAN HOMES,Eastaboga,05/18/2000,05/18/2000,226.0,Closing *
888,FONTAINE TRAILER COMPANY,Haleyville,05/10/2000,02/10/2000,81.0,Layoff *
889,"NC INDUSTRIES, INC.",Arley,05/02/2000,04/30/2000,134.0,Closing *
890,BEAULIEU OF AMERICA,Union Springs,05/01/2000,06/30/2000,91.0,Closing *
891,"LAIDLAW TRANSIT, INC.",Tuscaloosa,05/01/2000,06/30/2000,57.0,Closing *
892,SHOREWOOD PACKAGING CORPORATION,Andalusia,04/12/2000,04/12/2000,93.0,Closing *
893,BOSS MANUFACTURING COMPANY,Greenville,04/12/2000,06/30/2000,91.0,Closing *
894,"AMOTEX, INC.",Centre,03/31/2000,05/31/2000,55.0,Closing *
895,AMERICAN HOMESTAR CORPORATION,Brilliant,03/16/2000,03/15/2000,193.0,Closing *
896,TELEDYNE TUNGSTEN PRODUCTS,Huntsville,03/23/2000,04/03/2000,77.0,Closing *
897,VANITY FAIR INTIMATES,Jackson,03/10/2000,05/15/2000,543.0,Closing *
898,"RUSSELL CORPORATION, ASHLAND",Ashland,03/06/2000,03/17/2000,210.0,Closing *
899,BERRYDIRECT,Birmingham,03/06/2000,05/08/2000,85.0,Closing *
900,COATS NORTH AMERICA,Anniston,03/06/2000,04/28/2000,214.0,Closing *
901,KLEINERT'S INC. OF ALABAMA,Elba,02/22/2000,04/21/2000,100.0,Layoff *
902,"RUSSELL CORPORATION, GENEVA",Geneva,02/04/2000,03/03/2000,207.0,Closing *
903,"GLENN ENTERPRISES, INC.",Sulligent,02/04/2000,04/03/2000,163.0,Closing *
904,"CENTURY CARTONS, INC.",Livingston,01/10/2000,03/06/2000,80.0,Closing *
905,"DILLARD'S, INC., DISTRIBUTION CENTER",Mobile,11/01/1999,12/30/1999,137.0,Closing *
906,"INTERNATIONAL PAPER CO., BAG PLANT",Mobile,08/30/1999,10/01/1999,151.0,Layoff *
907,KIMBERLY-CLARK,Mobile,04/07/1999,07/17/1999,500.0,Layoff *
908,TENCEL-ACORDIS FIBERS,Axis,01/28/1999,03/31/1999,96.0,Closing *
909,MONTGOMERY WARD & CO.,Mobile,01/22/1999,03/21/1999,81.0,Closing *
910,JUST FOR FEET,Birmingham,10/12/1999,10/22/1999,594.0,Closing *
911,DRUMMOND COMPANY-SHOAL CREEK,Adger,09/27/1999,11/23/1999,350.0,Layoff *
912,HOME QUARTERS,Birmingham,09/09/1999,09/09/1999,84.0,Closing *
913,HOME QUARTERS,Hoover,09/09/1999,09/09/1999,68.0,Closing *
914,MEDPARTNERS,Birmingham,08/03/1999,09/28/1999,200.0,Layoff *
915,INTER-NATIONAL CHILDRENSWEAR,Birmingham,06/14/1999,07/01/1999,50.0,Closing *
916,"SONY MAGNETIC PRODUCTS, INC.",Dothan,08/20/1999,11/01/1999,250.0,Layoff *
917,COMMUNICATIONS TECHNOLOGY CORPORATION,Madison,08/10/1999,10/01/1999,65.0,Closing *
918,"CLUETT, PEABODY & CO., INC.",Enterprise,08/02/1999,10/01/1999,273.0,Closing *
919,"NORTHROP GRUMMAN TECHNICAL SERVICES, INC.",Redstone Arsenal,07/23/1999,09/30/1999,396.0,Closing *
920,"TREAT ENTERTAINMENT, INC.",Florence,07/01/1999,08/30/1999,76.0,Closing *
921,"LONDON INTERNATIONAL GROUP, LLC",Dothan,05/26/1999,09/01/1999,500.0,Closing *
922,SHAPE GLOBAL TECHNOLOGY INC.,Dadeville,06/16/1999,08/16/1999,113.0,Closing *
923,SCHNEIDER NATIONAL CARRIERS,Evergreen,06/04/1999,07/01/1999,91.0,Layoff *
924,"INTER-NATIONAL CHILDRENSWEAR, LLC",Snead,06/04/1999,07/01/1999,50.0,Closing *
925,"PRAEGITZER INDUSTRIES, INC.",Madison,06/04/1999,06/08/1999,195.0,Closing *
926,FLORENCE HOSPITAL,Florence,05/28/1999,07/25/1999,205.0,Closing *
927,"S & C BEEF PROCESSORS, L.L.C.",Montgomery,05/27/1999,05/28/1999,650.0,Layoff *
928,"WEX TEX INDUSTRIES, INC.",Ashford,05/17/1999,07/31/1999,90.0,Layoff *
929,RUSSELL CORPORATION-GREENVILLE,Greenville,05/03/1999,06/30/1999,252.0,Closing *
930,BAPTIST MEDICAL CENTER-DOWNTOWN,Montgomery,04/03/1999,06/30/1999,12.0,Closing *
931,ALL LOCK COMPANY INC.,Selma,04/22/1999,07/01/1999,315.0,Closing *
932,MARTIN INDUSTRIES,Huntsville,12/12/1999,02/10/1999,121.0,Closing *
933,CINTAS CORPORATION,Stevenson,11/29/1999,11/29/1999,91.0,Closing *
934,KMART CORPORATION,Bay Minette,11/22/1999,01/26/2000,33.0,Closing *
935,"RUSSELL CORP., COLUMBIA",Columbia,11/01/1999,11/24/1999,235.0,Closing *
936,DRUMMOND COMPANY-CEDRUM MINE,Townley,09/29/1999,11/23/1999,165.0,Closing *
937,RUSSELL CORP.  WETUMPKA AUTO SEW,Wetumpka,09/09/1999,09/10/1999,117.0,Closing *
938,RUSSELL CORP. BRUNDIDGE,Brundidge,09/09/1999,09/10/1999,297.0,Layoff *
939,HOME QUARTERS,Montgomery,09/09/1999,09/09/1999,79.0,Closing *
940,BUILDERS SQUARE,Huntsville,09/09/1999,09/09/1999,68.0,Closing *
941,"JOHNSON CONTROLS, INC.",Fort McClellan,03/31/1999,06/30/1999,112.0,Closing *
942,REFORM MANUFACTURING COMPANY,Reform,03/22/1999,05/21/1999,269.0,Closing *
943,"MEDLINE INDUSTRIES, INC.",Pell City,03/16/1999,06/01/1999,75.0,Closing *
944,SALANT CORPORATION,Andalusia,03/09/1999,05/07/1999,188.0,Closing *
945,"TRAIL KING INDUSTRIES, INC.",Green Pond,03/18/1999,05/07/1999,54.0,Closing *
946,"ONEITA INDUSTRIES, INC.",Cullman,03/16/1999,04/30/1999,311.0,Closing *
947,"ONEITA INDUSTRIES, INC.",Fayette,03/16/1999,03/19/1999,355.0,Closing *
948,NIEMAND INDUSTRIES,Marion,03/03/1999,05/03/1999,81.0,Layoff *
949,"DILLARD'S, INC.",Montgomery,03/02/1999,04/30/1999,47.0,Layoff *
950,FRISCO MANUFACTURING COMPANY,Frisco City,02/04/1999,02/11/1999,67.0,Layoff *
951,KMART,Selma,02/01/1999,04/14/1999,71.0,Closing *
952,RUSSELL CORP.-WETUMPKA,Wetumpka,01/22/1999,02/15/1999,90.0,Closing *
953,COLUMBUS MILLS,Phenix City,01/25/1999,04/30/1999,175.0,Closing *
954,MONTGOMERY WARD & CO.,Dothan,01/22/1999,03/21/1999,59.0,Closing *
955,"BARBER DAIRIES, INC.",Montgomery,01/05/1999,03/12/1999,76.0,Closing *
