,company_name,location,notice_date,employees_affected,URL,Address
0,First Transit,Tulsa,"Apr 04, 2023",60.0,https://okjobmatch.com/search/warn_lookups/814,"1403 East 5th Court; Tulsa, Oklahoma 74120"
1,Interceramic Inc.,Oklahoma City,"Feb 23, 2023",8.0,https://okjobmatch.com/search/warn_lookups/812,"8016 NW 101st St; Oklahoma City, Oklahoma 73107"
2,Interceramic Inc.,Tulsa,"Feb 23, 2023",11.0,https://okjobmatch.com/search/warn_lookups/813,"9945 East 51st; Tulsa, Oklahoma 74146"
3,David's Bridal,Tulsa,"Apr 14, 2023",0.0,https://okjobmatch.com/search/warn_lookups/815,"10123 East 71st Street South; Tulsa, Oklahoma 74133"
4,DART/Solo,Ada,"Apr 20, 2023",,https://okjobmatch.com/search/warn_lookups/817,
5,Aspiration,Marina Del Rey,"May 24, 2023",1.0,https://okjobmatch.com/search/warn_lookups/818,"4551 Glencoe Ave, Suite 300; Marina Del Rey, California 90292"
6,Bitwise Industries Inc.,Fresno,"Jun 14, 2023",1.0,https://okjobmatch.com/search/warn_lookups/819,"700 Van Ness Ave; Fresno, California 93721"
7,Avantive Solutions,Tulsa,"Jun 12, 2023",30.0,https://okjobmatch.com/search/warn_lookups/820,"12902 East 51st Street; Tulsa, Oklahoma 74134"
8,ASM Global / SMG,Tulsa,"Aug 17, 2023",,https://okjobmatch.com/search/warn_lookups/821,
9,CoreCivic,Holdenville,"Jul 31, 2023",274.0,https://okjobmatch.com/search/warn_lookups/824,"6888 East 133rd Road; Holdenville, Oklahoma 74848"
10,David's Bridal,Oklahoma City,"Apr 14, 2023",0.0,https://okjobmatch.com/search/warn_lookups/816,"13740 North Penn Avenue; Oklahoma City, Oklahoma 73134"
11,AllianceHealth Woodward,Woodward,"Aug 31, 2023",260.0,https://okjobmatch.com/search/warn_lookups/822,"900 17th Street; Woodward, Oklahoma 73801"
12,"State of Oklahoma, Department of Veterans Affairs",Talihina,"Jul 26, 2023",80.0,https://okjobmatch.com/search/warn_lookups/823,"10014 SE 1138th Ave.; Talihina, Oklahoma 74571"
13,"HD Supply, Inc.",Tulsa,"Aug 10, 2023",53.0,https://okjobmatch.com/search/warn_lookups/825,"5727 S. Lewis Ave.; Tulsa, Oklahoma 74105"
14,Odle Management Group,Tulsa,"Aug 31, 2022",,https://okjobmatch.com/search/warn_lookups/807,
15,"Xanitos, Inc",Tulsa,"Sep 09, 2022",129.0,https://okjobmatch.com/search/warn_lookups/808,"1120 S. Utica; Tulsa, Oklahoma 74104"
16,"Terex USA, LLC",Oklahoma City,"Jan 11, 2022",106.0,https://okjobmatch.com/search/warn_lookups/791,"9528 W. I-40 Service Road; Oklahoma City, Oklahoma 73128"
17,Honeywell Aerospace,Tulsa,"Mar 22, 2022",47.0,https://okjobmatch.com/search/warn_lookups/793,"6930 N. Lakewood Ave; Tulsa, Oklahoma 74117"
18,Foggy Bottom Kitchens Roman Nose,Watonga,"Apr 27, 2022",25.0,https://okjobmatch.com/search/warn_lookups/794,"3236 S, OK-8A; Watonga, Oklahoma 73772"
19,Foggy Bottom Kitchens Lake Murray,Ardmore,"Apr 27, 2022",33.0,https://okjobmatch.com/search/warn_lookups/795,"3323 Lodge Road; Ardmore, Oklahoma 73401"
20,Foggy Bottom Kitchens Sequoyah,Hulbert,"Apr 27, 2022",32.0,https://okjobmatch.com/search/warn_lookups/796,"19808 Park 10; Hulbert, Oklahoma 74441"
21,Foggy Bottom Kitchens Quartz Mountain,Lone Wolf,"Apr 27, 2022",43.0,https://okjobmatch.com/search/warn_lookups/797,"22469 Lodge Road; Lone Wolf, Oklahoma 73655"
22,Foggy Bottom Kitchens Robber Cave,Wilburton,"Apr 27, 2022",65.0,https://okjobmatch.com/search/warn_lookups/798,"4654 NW 1027th Ave.; Wilburton, Oklahoma 74578"
23,Foggy Bottom Kitchens Beavers Bend,Broken Bow,"Apr 27, 2022",40.0,https://okjobmatch.com/search/warn_lookups/799,"4350 OK-259A; Broken Bow, Oklahoma 74728"
24,Superior Linen Service,Muskogee,"May 18, 2022",,https://okjobmatch.com/search/warn_lookups/800,
25,Armstrong Flooring,Stillwater,"May 20, 2022",128.0,https://okjobmatch.com/search/warn_lookups/801,"4115 North Perkins Road; Stillwater, Oklahoma 74075"
26,Hire Right,Tulsa,"Jul 01, 2022",16.0,https://okjobmatch.com/search/warn_lookups/802,"14002 E. 21st Street; Tulsa, Oklahoma 74134"
27,Watsonville Community Hospital,Watsonville,"Aug 15, 2022",1.0,https://okjobmatch.com/search/warn_lookups/805,"75 Nielson Street; Watsonville, California 95076"
28,Keeco,Bartlesville,"Sep 14, 2022",,https://okjobmatch.com/search/warn_lookups/809,
29,Alliance Health Clinton,Clinton,"Oct 03, 2022",192.0,https://okjobmatch.com/search/warn_lookups/811,"100 N 30th Street; Clinton, Oklahoma 73601"
30,Oldcastle BuildingEnvelope,Shawnee,"Dec 08, 2022",75.0,https://okjobmatch.com/search/warn_lookups/810,"10000 N. Harrison St; Shawnee, Oklahoma 74804"
31,Tetra Tech,Oklahoma City,"Jul 07, 2022",60.0,https://okjobmatch.com/search/warn_lookups/803,"3600 S. MacArthur Blvd.; Oklahoma City, Oklahoma 73179"
32,"Alutiiq Commercial Enterprises, LLC",Oklahoma City,"Jul 25, 2022",363.0,https://okjobmatch.com/search/warn_lookups/804,"Tinker Air Force Base; Oklahoma City, Oklahoma 73145"
33,Southern Star Express LLC,Oklahoma City,"Aug 25, 2022",63.0,https://okjobmatch.com/search/warn_lookups/806,"4401 C E. Hefner Rd.; Oklahoma City, Oklahoma 73131"
34,Sodexo,Langston,"May 13, 2021",108.0,https://okjobmatch.com/search/warn_lookups/785,"Hwy 33  East; Langston, Oklahoma 73050"
35,TDK Ferrites Corp,Shawnee,"Mar 31, 2021",150.0,https://okjobmatch.com/search/warn_lookups/792,"5900 North Harrison; Shawnee, Oklahoma 74804"
36,Exterran Energy Solutions,Broken Arrow,"Jan 13, 2021",0.0,https://okjobmatch.com/search/warn_lookups/780,"20602 E. 81st Street; Broken Arrow, Oklahoma 74014"
37,Noble Research Institute,Ardmore,"Mar 11, 2021",,https://okjobmatch.com/search/warn_lookups/777,
38,Meta Special Aerospace,Bethany,"Feb 08, 2021",0.0,https://okjobmatch.com/search/warn_lookups/778,"5600 Philip J. Rhoads Ave; Bethany, Oklahoma 73008"
39,GEO Secure Services/Great Plains Correctional Facility,Hinton,"Mar 19, 2021",231.0,https://okjobmatch.com/search/warn_lookups/779,"700 Sugar Creek Drive; Hinton, Oklahoma 73047"
40,Cancer Treatment Centers of America Tulsa,Tulsa,"Apr 01, 2021",330.0,https://okjobmatch.com/search/warn_lookups/781,"10109 East 79th Street; Tulsa, Oklahoma 74133"
41,Chesapeake Energy,Oklahoma City,"Feb 03, 2021",220.0,https://okjobmatch.com/search/warn_lookups/776,"PO Box 18496; Oklahoma City, Oklahoma 73154"
42,WPX Energy,Tulsa,"Apr 05, 2021",182.0,https://okjobmatch.com/search/warn_lookups/782,"3500 One Williams Center; Tulsa, Oklahoma 74172"
43,Flowserve,Tulsa,"Apr 29, 2021",52.0,https://okjobmatch.com/search/warn_lookups/783,"724 W. 41st St.; Tulsa, Oklahoma 74107"
44,"ABM Industry Groups, LLC",Cleveland,"May 11, 2021",,https://okjobmatch.com/search/warn_lookups/784,
45,Solaray LLC,Sapulpa,"Aug 05, 2021",88.0,https://okjobmatch.com/search/warn_lookups/786,"620 South Linden; Sapulpa, Oklahoma 74066"
46,Clear Edge Filtration Group,Tulsa,"Aug 17, 2021",80.0,https://okjobmatch.com/search/warn_lookups/787,"11607 E. 43rd Street North; Tulsa, Oklahoma 74116"
47,Hiland Dairy,Tulsa,"Jun 04, 2021",125.0,https://okjobmatch.com/search/warn_lookups/788,"215 North Denver Street; Tulsa, Oklahoma 74103"
48,Odle Management Group,Tulsa,"Oct 29, 2021",,https://okjobmatch.com/search/warn_lookups/789,
49,Bristow Medical Center,Bristow,"Oct 28, 2021",49.0,https://okjobmatch.com/search/warn_lookups/790,"700 W. 7th Street; Bristow, Oklahoma 74010"
50,"Vallourec Star, LP",,"Apr 06, 2020",112.0,https://okjobmatch.com/search/warn_lookups/670,
51,Halliburton,,"Apr 15, 2020",33.0,https://okjobmatch.com/search/warn_lookups/671,
52,Halliburton,,"Apr 06, 2020",350.0,https://okjobmatch.com/search/warn_lookups/672,
53,"Signal Peak Silica, LLC",,"Mar 30, 2020",87.0,https://okjobmatch.com/search/warn_lookups/674,
54,"NexTier Completion Solutions, Inc",,"Apr 09, 2020",,https://okjobmatch.com/search/warn_lookups/673,
55,Step Energy Services,,"Mar 31, 2020",19.0,https://okjobmatch.com/search/warn_lookups/666,
56,Everi,,"Mar 23, 2020",4.0,https://okjobmatch.com/search/warn_lookups/667,
57,UE Manufacturing,,"Mar 23, 2020",111.0,https://okjobmatch.com/search/warn_lookups/668,
58,Baker Hughes,,"Apr 15, 2020",,https://okjobmatch.com/search/warn_lookups/669,
59,Tulsa Auto Auction,,"Mar 23, 2020",58.0,https://okjobmatch.com/search/warn_lookups/675,
60,JC Penney,,"Feb 10, 2020",84.0,https://okjobmatch.com/search/warn_lookups/677,
61,SandRidge Energy,,"Feb 04, 2020",63.0,https://okjobmatch.com/search/warn_lookups/678,
62,SandRidge Energy,,"Apr 17, 2020",,https://okjobmatch.com/search/warn_lookups/679,
63,SandRidge Energy,,"Apr 16, 2020",26.0,https://okjobmatch.com/search/warn_lookups/680,
64,Cameron Drilling,,"Apr 23, 2020",74.0,https://okjobmatch.com/search/warn_lookups/681,
65,Energy Transfer,,"Jan 06, 2020",108.0,https://okjobmatch.com/search/warn_lookups/685,
66,Spirit Aerosystems,,"Jan 23, 2020",,https://okjobmatch.com/search/warn_lookups/691,
67,Enterprise Holdings,,"Apr 27, 2020",221.0,https://okjobmatch.com/search/warn_lookups/701,
68,EAN Services,,"Apr 27, 2020",108.0,https://okjobmatch.com/search/warn_lookups/702,
69,Hertz,,"Apr 28, 2020",415.0,https://okjobmatch.com/search/warn_lookups/703,
70,"Halliburton Energy Services, Inc.",,"Apr 28, 2020",,https://okjobmatch.com/search/warn_lookups/704,
71,Apergy,,"Apr 28, 2020",26.0,https://okjobmatch.com/search/warn_lookups/705,
72,Regal Cinemas,,"Apr 29, 2020",179.0,https://okjobmatch.com/search/warn_lookups/706,
73,Regal Cinemas,,"Apr 29, 2020",149.0,https://okjobmatch.com/search/warn_lookups/707,
74,Regal Cinemas,,"Apr 29, 2020",,https://okjobmatch.com/search/warn_lookups/708,
75,Ditch Witch,,"Apr 29, 2020",25.0,https://okjobmatch.com/search/warn_lookups/709,
76,umicore Autocat USA,,"May 04, 2020",101.0,https://okjobmatch.com/search/warn_lookups/713,
77,Dillard's,,"May 13, 2020",,https://okjobmatch.com/search/warn_lookups/714,
78,Triumph Aerospace Structures,,"May 08, 2020",225.0,https://okjobmatch.com/search/warn_lookups/715,
79,21C Museum Hotel,,"May 22, 2020",109.0,https://okjobmatch.com/search/warn_lookups/716,
80,SandRidge Energy,,"May 28, 2020",12.0,https://okjobmatch.com/search/warn_lookups/717,
81,Stone Trucking Company,,"Jun 03, 2020",51.0,https://okjobmatch.com/search/warn_lookups/718,
82,Black Mountain Sand,,"Jun 08, 2020",82.0,https://okjobmatch.com/search/warn_lookups/719,
83,Enterprise Holdings,,"Jun 22, 2020",9.0,https://okjobmatch.com/search/warn_lookups/720,
84,Hitch Enterprises,,"Jun 26, 2020",,https://okjobmatch.com/search/warn_lookups/721,
85,Skirvin Hilton,,"Jun 26, 2020",80.0,https://okjobmatch.com/search/warn_lookups/722,
86,CoorsTek,,"Jul 07, 2020",85.0,https://okjobmatch.com/search/warn_lookups/723,
87,Hyatt Corporation,,"May 11, 2020",101.0,https://okjobmatch.com/search/warn_lookups/724,
88,Mathis Brothers,,"Mar 25, 2020",,https://okjobmatch.com/search/warn_lookups/725,
89,Mathis Brothers,,"Mar 25, 2020",55.0,https://okjobmatch.com/search/warn_lookups/726,
90,Mathis Brothers,,"Mar 25, 2020",64.0,https://okjobmatch.com/search/warn_lookups/727,
91,Mathis Brothers,,"Mar 25, 2020",1.0,https://okjobmatch.com/search/warn_lookups/728,
92,Cimarron Correctional Facility,,"Jul 17, 2020",28.0,https://okjobmatch.com/search/warn_lookups/729,
93,Delaware North,,"Jul 15, 2020",103.0,https://okjobmatch.com/search/warn_lookups/730,
94,Chart E & C FinFan,,"Jul 17, 2020",252.0,https://okjobmatch.com/search/warn_lookups/731,
95,Walmart,,"Jul 22, 2020",,https://okjobmatch.com/search/warn_lookups/732,
96,Delaware North,,"Jun 30, 2020",,https://okjobmatch.com/search/warn_lookups/733,
97,Delaware North,,"Jun 30, 2020",65.0,https://okjobmatch.com/search/warn_lookups/734,
98,Heartland Hotel Corporation,,"Apr 30, 2020",80.0,https://okjobmatch.com/search/warn_lookups/735,
99,RBHV Tulsa LLC,,"Apr 30, 2020",53.0,https://okjobmatch.com/search/warn_lookups/736,
100,R1,,"Jan 08, 2019",27.0,https://okjobmatch.com/search/warn_lookups/651,
101,Laredo Petroleum,,"Apr 08, 2019",50.0,https://okjobmatch.com/search/warn_lookups/652,
102,University of Oklahoma,,"Feb 06, 2019",29.0,https://okjobmatch.com/search/warn_lookups/653,
103,BJ Services,,"Jan 31, 2019",120.0,https://okjobmatch.com/search/warn_lookups/654,
104,Playcore,,"Mar 21, 2019",52.0,https://okjobmatch.com/search/warn_lookups/655,
105,Chef's Requested Foods,,"Mar 21, 2019",100.0,https://okjobmatch.com/search/warn_lookups/656,
106,Shadow Mountain Behavioral Health,,"Feb 01, 2019",121.0,https://okjobmatch.com/search/warn_lookups/657,
107,Rotork,,"May 10, 2019",27.0,https://okjobmatch.com/search/warn_lookups/658,
108,"CACI Technologies, Inc.",,"Apr 29, 2019",143.0,https://okjobmatch.com/search/warn_lookups/659,
109,Langston Hughes Academy,,"May 22, 2019",15.0,https://okjobmatch.com/search/warn_lookups/660,
110,SandRidge Energy,,"Jun 11, 2019",34.0,https://okjobmatch.com/search/warn_lookups/661,
111,State Farm,,"Jun 26, 2019",,https://okjobmatch.com/search/warn_lookups/662,
112,Siemens,,"May 22, 2019",31.0,https://okjobmatch.com/search/warn_lookups/663,
113,University of Oklahoma,,"Jun 14, 2019",69.0,https://okjobmatch.com/search/warn_lookups/664,
114,Shadow Mountain Behavioral Health System,,"Jul 05, 2019",180.0,https://okjobmatch.com/search/warn_lookups/665,
115,Halliburton,,"Dec 02, 2019",808.0,https://okjobmatch.com/search/warn_lookups/682,
116,Halliburton,,"Dec 02, 2019",70.0,https://okjobmatch.com/search/warn_lookups/683,
117,Simmons Bank,,"Oct 10, 2019",59.0,https://okjobmatch.com/search/warn_lookups/684,
118,TCS Holdings LLC,,"Nov 18, 2019",50.0,https://okjobmatch.com/search/warn_lookups/686,
119,Universal Pressure Pumping,,"Sep 03, 2019",95.0,https://okjobmatch.com/search/warn_lookups/687,
120,"IPSCO Tubulars, LLC",,"Jul 01, 2019",125.0,https://okjobmatch.com/search/warn_lookups/688,
121,Chart Cooler Service Company,,"Aug 22, 2019",,https://okjobmatch.com/search/warn_lookups/689,
122,Backflip Studios,,"Oct 23, 2019",1.0,https://okjobmatch.com/search/warn_lookups/690,
123,MetLife,,"Jul 31, 2019",73.0,https://okjobmatch.com/search/warn_lookups/692,
124,Capital One,,"Jul 10, 2019",67.0,https://okjobmatch.com/search/warn_lookups/693,
125,Latimer County Hospital,,"Oct 03, 2018",52.0,https://okjobmatch.com/search/warn_lookups/646,
126,Pauls Valley General Hospital,,"Oct 12, 2018",110.0,https://okjobmatch.com/search/warn_lookups/647,
127,Sandridge Energy,,"Feb 26, 2018",80.0,https://okjobmatch.com/search/warn_lookups/628,
128,Baker Hughes GE,,"Jan 25, 2018",146.0,https://okjobmatch.com/search/warn_lookups/629,
129,Chesapeake Energy Corporation,,"Jan 30, 2018",330.0,https://okjobmatch.com/search/warn_lookups/630,
130,Coca Cola Bottling and Distribution,,"Jan 24, 2018",,https://okjobmatch.com/search/warn_lookups/631,
131,Tri-Point LLC- Ada,,"Jan 02, 2018",,https://okjobmatch.com/search/warn_lookups/632,
132,Lawton Constitution,,"Mar 28, 2018",35.0,https://okjobmatch.com/search/warn_lookups/635,
133,Postal Training Center Marriott,,"Jul 26, 2018",257.0,https://okjobmatch.com/search/warn_lookups/636,
134,Coca-Cola,,"Jan 22, 2018",138.0,https://okjobmatch.com/search/warn_lookups/637,
135,Carlisle Brake and Friction,,"May 23, 2018",,https://okjobmatch.com/search/warn_lookups/639,
136,Crystal Lake Farms,,"Jul 12, 2018",123.0,https://okjobmatch.com/search/warn_lookups/641,
137,Shawnee Tubing,,"Sep 20, 2018",22.0,https://okjobmatch.com/search/warn_lookups/642,
138,Circor,,"Oct 09, 2018",131.0,https://okjobmatch.com/search/warn_lookups/644,
139,3DSystems,Tulsa,"Sep 04, 2018",,https://okjobmatch.com/search/warn_lookups/648,
140,Devon Energy,,"Apr 25, 2018",240.0,https://okjobmatch.com/search/warn_lookups/649,
141,Pennwell,,"Jan 25, 2018",100.0,https://okjobmatch.com/search/warn_lookups/650,
142,SPX Heat Transfer,,"Jun 18, 2018",49.0,https://okjobmatch.com/search/warn_lookups/700,
143,Amibar Foods,,"Jan 12, 2017",91.0,https://okjobmatch.com/search/warn_lookups/595,
144,Clearwater Paper,,"Nov 29, 2017",108.0,https://okjobmatch.com/search/warn_lookups/596,
145,National Oilwell Varco,,"Mar 30, 2017",65.0,https://okjobmatch.com/search/warn_lookups/597,
146,T. D. Williamson Corporate HQ,,"Jan 24, 2017",151.0,https://okjobmatch.com/search/warn_lookups/598,
147,St. John Health System,,"Jan 30, 2017",,https://okjobmatch.com/search/warn_lookups/599,
148,Hudson Products Holdings aka Smithco,,"Jan 30, 2017",90.0,https://okjobmatch.com/search/warn_lookups/601,
149,Samson Resources,,"Jan 19, 2017",69.0,https://okjobmatch.com/search/warn_lookups/602,
150,Avis Budget Group,,"Mar 28, 2017",12.0,https://okjobmatch.com/search/warn_lookups/603,
151,Farmers Brothers Coffee,,"Feb 21, 2017",2.0,https://okjobmatch.com/search/warn_lookups/604,
152,"Foundation Surgical Hospital Management, LL",,"Jan 31, 2017",53.0,https://okjobmatch.com/search/warn_lookups/605,
153,Linde Engineering North America,,"Mar 22, 2017",30.0,https://okjobmatch.com/search/warn_lookups/606,
154,Field Aerospace,,"Jan 31, 2017",42.0,https://okjobmatch.com/search/warn_lookups/607,
155,Herc Rentals,,"Apr 04, 2017",,https://okjobmatch.com/search/warn_lookups/608,
156,Balco Manufacturing,,"Jan 23, 2017",25.0,https://okjobmatch.com/search/warn_lookups/609,
157,Remy Power Products,,"Jan 30, 2017",110.0,https://okjobmatch.com/search/warn_lookups/610,
158,Community Development Head Start - Tecumseh,,"Apr 27, 2017",17.0,https://okjobmatch.com/search/warn_lookups/625,
159,Chevron,,"May 03, 2017",,https://okjobmatch.com/search/warn_lookups/611,
160,KeHE Monterrey Provisions,,"Apr 24, 2017",52.0,https://okjobmatch.com/search/warn_lookups/612,
161,Sable Permian,,"Jun 02, 2017",71.0,https://okjobmatch.com/search/warn_lookups/613,
162,Sitel - Bartlesville,,"Jun 27, 2017",100.0,https://okjobmatch.com/search/warn_lookups/614,
163,Dal-Tile (Mohawk Industries),,"Aug 18, 2017",,https://okjobmatch.com/search/warn_lookups/616,
164,National Steak and poultry,,"Aug 16, 2017",50.0,https://okjobmatch.com/search/warn_lookups/617,
165,Walmart,,"Jun 20, 2017",55.0,https://okjobmatch.com/search/warn_lookups/615,
166,K-Mart,,"Aug 14, 2017",46.0,https://okjobmatch.com/search/warn_lookups/619,
167,Walmart Claims Office,,"Sep 05, 2017",115.0,https://okjobmatch.com/search/warn_lookups/620,
168,Fresh Creative Foods,,"Sep 28, 2017",375.0,https://okjobmatch.com/search/warn_lookups/621,
169,SelectForce,,"May 31, 2017",13.0,https://okjobmatch.com/search/warn_lookups/622,
170,Tulsa Public Schools,,"Apr 05, 2017",35.0,https://okjobmatch.com/search/warn_lookups/623,
171,Fresh Creative Foods,,"Sep 25, 2017",367.0,https://okjobmatch.com/search/warn_lookups/624,
172,"Smith Bits, A Schlumberger Company",,"Apr 04, 2017",180.0,https://okjobmatch.com/search/warn_lookups/645,
173,HMS Host Corporation,,"Feb 20, 2017",65.0,https://okjobmatch.com/search/warn_lookups/626,
174,Seagate Technology,,"Dec 08, 2017",,https://okjobmatch.com/search/warn_lookups/627,
175,Carlisle Brake and Friction,,"Sep 28, 2017",147.0,https://okjobmatch.com/search/warn_lookups/633,
176,Carlisle Brake and Friction,,"Sep 08, 2017",147.0,https://okjobmatch.com/search/warn_lookups/638,
177,St. Gregory's University,,"Nov 28, 2017",112.0,https://okjobmatch.com/search/warn_lookups/643,
178,ILD Stratus,,"Aug 16, 2017",,https://okjobmatch.com/search/warn_lookups/618,
179,Tulsa County,,"Apr 18, 2016",35.0,https://okjobmatch.com/search/warn_lookups/556,
180,Wellmark,,"May 02, 2016",44.0,https://okjobmatch.com/search/warn_lookups/557,
181,Macy's,,"Jan 06, 2016",,https://okjobmatch.com/search/warn_lookups/534,
182,Lariat Services,,"Jan 13, 2016",226.0,https://okjobmatch.com/search/warn_lookups/535,
183,Society of Exploration Geophysicists,,"Jan 08, 2016",19.0,https://okjobmatch.com/search/warn_lookups/537,
184,Novitex,,"Jan 26, 2016",124.0,https://okjobmatch.com/search/warn_lookups/538,
185,Ruhrpumpen,,"Jan 19, 2016",,https://okjobmatch.com/search/warn_lookups/539,
186,Harsco AXC,,"Jan 13, 2016",65.0,https://okjobmatch.com/search/warn_lookups/540,
187,Spaghetti Warehouse,,"Feb 01, 2016",30.0,https://okjobmatch.com/search/warn_lookups/541,
188,Unit Corporation,,"Feb 01, 2016",90.0,https://okjobmatch.com/search/warn_lookups/542,
189,Helmerich & Payne,,"Feb 23, 2016",,https://okjobmatch.com/search/warn_lookups/543,
190,Devon Energy,,"Feb 19, 2016",700.0,https://okjobmatch.com/search/warn_lookups/545,
191,WPX Energy,,"Feb 10, 2016",95.0,https://okjobmatch.com/search/warn_lookups/546,
192,Sampson Resources,,"Feb 25, 2016",80.0,https://okjobmatch.com/search/warn_lookups/547,
193,D&L Oil Tools,,"Feb 22, 2016",,https://okjobmatch.com/search/warn_lookups/548,
194,Hertz,,"Feb 11, 2016",81.0,https://okjobmatch.com/search/warn_lookups/549,
195,Halliburton,,"May 23, 2016",293.0,https://okjobmatch.com/search/warn_lookups/550,
196,Kenco Plastics,,"Apr 28, 2016",100.0,https://okjobmatch.com/search/warn_lookups/551,
197,Cameron International,,"Mar 16, 2016",80.0,https://okjobmatch.com/search/warn_lookups/552,
198,Coveris,,"Apr 01, 2016",27.0,https://okjobmatch.com/search/warn_lookups/553,
199,Cancer Treatment Centers of America,,"May 05, 2016",95.0,https://okjobmatch.com/search/warn_lookups/554,
200,WPX Energy,Oklahoma City,"Feb 10, 2016",,https://okjobmatch.com/search/warn_lookups/555,
201,D&L Oil Tools,,"May 23, 2016",,https://okjobmatch.com/search/warn_lookups/558,
202,Tulsa Community College,,"Jun 15, 2016",29.0,https://okjobmatch.com/search/warn_lookups/559,
203,HARSCO AXC,,"May 16, 2016",50.0,https://okjobmatch.com/search/warn_lookups/560,
204,AG Equipment Company,,"Jul 15, 2016",70.0,https://okjobmatch.com/search/warn_lookups/561,
205,FMC Technologies,,"Jul 14, 2016",57.0,https://okjobmatch.com/search/warn_lookups/562,
206,Packaging Corporation of America,,"Jun 16, 2016",15.0,https://okjobmatch.com/search/warn_lookups/565,
207,Newfield Exploration,,"Jun 14, 2016",,https://okjobmatch.com/search/warn_lookups/566,
208,HCR ManorCare,,"Jul 11, 2016",156.0,https://okjobmatch.com/search/warn_lookups/567,
209,The Oklahoman Media Company,,"Jul 29, 2016",14.0,https://okjobmatch.com/search/warn_lookups/568,
210,The Oklahoman Media Company,,"Jun 27, 2016",114.0,https://okjobmatch.com/search/warn_lookups/569,
211,Pryer Aerospace,,"Jun 29, 2016",,https://okjobmatch.com/search/warn_lookups/570,
212,Joe Brown company,,"Aug 29, 2016",65.0,https://okjobmatch.com/search/warn_lookups/571,
213,Career Point College,,"Aug 15, 2016",11.0,https://okjobmatch.com/search/warn_lookups/572,
214,Sodexo,,"Aug 19, 2016",20.0,https://okjobmatch.com/search/warn_lookups/573,
215,Coughlin Equipment,,"Jan 11, 2016",,https://okjobmatch.com/search/warn_lookups/574,
216,CloseBend,,"Sep 15, 2016",,https://okjobmatch.com/search/warn_lookups/576,
217,Baker Hughes,,"Feb 18, 2016",65.0,https://okjobmatch.com/search/warn_lookups/577,
218,Chart Industries,,"Apr 07, 2016",75.0,https://okjobmatch.com/search/warn_lookups/578,
219,Kimray,,"Feb 15, 2016",45.0,https://okjobmatch.com/search/warn_lookups/579,
220,Williams Cos.,,"Mar 11, 2016",,https://okjobmatch.com/search/warn_lookups/580,
221,Callidus Technologies,,"Aug 17, 2016",31.0,https://okjobmatch.com/search/warn_lookups/581,
222,WPX Energy,,"Sep 20, 2016",41.0,https://okjobmatch.com/search/warn_lookups/582,
223,Zelenka Farms,,"Jul 14, 2016",200.0,https://okjobmatch.com/search/warn_lookups/583,
224,LM Farms (formerly Zelenka,,"Oct 10, 2016",53.0,https://okjobmatch.com/search/warn_lookups/584,
225,Trase Miller,,"Oct 18, 2016",89.0,https://okjobmatch.com/search/warn_lookups/585,
226,Experience Works,,"Nov 07, 2016",5.0,https://okjobmatch.com/search/warn_lookups/587,
227,Kmat,,"Sep 19, 2016",75.0,https://okjobmatch.com/search/warn_lookups/588,
228,Smithco Engineering,,"Oct 21, 2016",105.0,https://okjobmatch.com/search/warn_lookups/589,
229,Muscogee Creek Nation Health Department,,"Oct 01, 2016",123.0,https://okjobmatch.com/search/warn_lookups/590,
230,Trinity Tank Car,,"Nov 01, 2016",127.0,https://okjobmatch.com/search/warn_lookups/591,
231,Weatherford,,"Dec 02, 2016",207.0,https://okjobmatch.com/search/warn_lookups/592,
232,Williams Cos,,"Dec 07, 2016",400.0,https://okjobmatch.com/search/warn_lookups/593,
233,Sayre Memorial Hospital,,"Feb 01, 2016",,https://okjobmatch.com/search/warn_lookups/544,
234,Weatherford,,"Dec 05, 2016",55.0,https://okjobmatch.com/search/warn_lookups/594,
235,SM Energy,,"Jan 15, 2015",77.0,https://okjobmatch.com/search/warn_lookups/482,
236,Norris,,"Jan 20, 2015",62.0,https://okjobmatch.com/search/warn_lookups/483,
237,American Airlines Billing &Payroll,,"Jan 26, 2015",100.0,https://okjobmatch.com/search/warn_lookups/484,
238,ServaGroup -Port of Catoosa,Catoosa,"Jan 21, 2015",30.0,https://okjobmatch.com/search/warn_lookups/485,"1045 Keystone Avenue; Catoosa, Oklahoma 74015"
239,TEAM Oil Tools,,"Feb 05, 2015",,https://okjobmatch.com/search/warn_lookups/486,
240,Sodexo,,"Feb 02, 2015",50.0,https://okjobmatch.com/search/warn_lookups/487,
241,"Chaparral Energy, LLC",,"Feb 03, 2015",121.0,https://okjobmatch.com/search/warn_lookups/488,
242,Baker Hughes,,"Feb 06, 2015",62.0,https://okjobmatch.com/search/warn_lookups/489,
243,DCP Midstream,,"Feb 20, 2015",,https://okjobmatch.com/search/warn_lookups/492,
244,Enable MidStream,,"Feb 17, 2015",,https://okjobmatch.com/search/warn_lookups/493,
245,Great Southwest Dental,,"Jan 13, 2015",19.0,https://okjobmatch.com/search/warn_lookups/494,
246,Haliburton,,"Jan 14, 2015",20.0,https://okjobmatch.com/search/warn_lookups/495,
247,Wilco,,"Feb 03, 2015",120.0,https://okjobmatch.com/search/warn_lookups/496,
248,Range Resources,,"Feb 18, 2015",,https://okjobmatch.com/search/warn_lookups/497,
249,Hillcrest Hospital,,"Feb 17, 2015",90.0,https://okjobmatch.com/search/warn_lookups/498,
250,CGI Federal,,"Feb 11, 2015",237.0,https://okjobmatch.com/search/warn_lookups/499,
251,ServaGroup - Duncan,,"Jan 21, 2015",50.0,https://okjobmatch.com/search/warn_lookups/500,
252,"IPSCO Tubulars (OK), Inc.",,"Feb 25, 2015",,https://okjobmatch.com/search/warn_lookups/501,
253,United Airlines,,"Mar 10, 2015",79.0,https://okjobmatch.com/search/warn_lookups/502,
254,McKissick,,"Feb 17, 2015",49.0,https://okjobmatch.com/search/warn_lookups/503,
255,Treasure Lake Job Corps Center,,"Mar 03, 2015",45.0,https://okjobmatch.com/search/warn_lookups/504,
256,Halliburton Energy Services,,"Mar 18, 2015",,https://okjobmatch.com/search/warn_lookups/505,
257,"Noble Energy, Inc.",Ardmore,"Mar 02, 2015",125.0,https://okjobmatch.com/search/warn_lookups/506,"110 W. Broadway Street; Ardmore, Oklahoma 73401"
258,Aryzta,,"Mar 30, 2015",117.0,https://okjobmatch.com/search/warn_lookups/507,
259,Samson Resouces,,"Mar 27, 2015",196.0,https://okjobmatch.com/search/warn_lookups/508,
260,Convergys,,"Jan 06, 2014",375.0,https://okjobmatch.com/search/warn_lookups/442,
261,Exterran,,"Jan 08, 2014",22.0,https://okjobmatch.com/search/warn_lookups/443,
262,Exterran Heavy Eq Sales & Rental,,"Jan 08, 2014",0.0,https://okjobmatch.com/search/warn_lookups/444,
263,KMK Enterprises,,"Jan 27, 2014",60.0,https://okjobmatch.com/search/warn_lookups/446,
264,Ruston Transportation,,"Jan 27, 2014",30.0,https://okjobmatch.com/search/warn_lookups/447,
265,Hyspan Precision Products,,"Mar 04, 2014",33.0,https://okjobmatch.com/search/warn_lookups/449,
266,Scott Lowery Law Office,,"Feb 10, 2014",52.0,https://okjobmatch.com/search/warn_lookups/451,
267,Central Carbide,,"Feb 25, 2014",45.0,https://okjobmatch.com/search/warn_lookups/452,
268,OK State Regents for Higher Education,,"Mar 06, 2014",39.0,https://okjobmatch.com/search/warn_lookups/453,
269,Northern OK Resource Center,,"Feb 21, 2014",175.0,https://okjobmatch.com/search/warn_lookups/454,
270,Southern OK Resource Center,,"Nov 02, 2014",296.0,https://okjobmatch.com/search/warn_lookups/455,
271,Southwest Electric - Power Transformer Plant,,"Nov 14, 2014",10.0,https://okjobmatch.com/search/warn_lookups/470,
272,Cox Communications,,"Mar 03, 2014",240.0,https://okjobmatch.com/search/warn_lookups/456,
273,Cox Communications - Tulsa,,"Mar 04, 2014",84.0,https://okjobmatch.com/search/warn_lookups/457,
274,Office DEPOT Max,,"Apr 25, 2014",125.0,https://okjobmatch.com/search/warn_lookups/459,
275,Corrections Corp. of America,,"Apr 21, 2014",100.0,https://okjobmatch.com/search/warn_lookups/460,
276,West business solutions,,"May 13, 2014",110.0,https://okjobmatch.com/search/warn_lookups/461,
277,HighMount Exploration & Production,,"May 14, 2014",,https://okjobmatch.com/search/warn_lookups/462,
278,MRC Global McJunkin Redman,,"Jun 13, 2014",43.0,https://okjobmatch.com/search/warn_lookups/463,
279,Crane Carrier,,"Jun 18, 2014",91.0,https://okjobmatch.com/search/warn_lookups/464,
280,Total Energy,,"Jun 23, 2014",55.0,https://okjobmatch.com/search/warn_lookups/465,
281,Community Development Institute- Head Start,,"Apr 11, 2014",106.0,https://okjobmatch.com/search/warn_lookups/466,
282,Windsor Foods,,"Jul 11, 2014",62.0,https://okjobmatch.com/search/warn_lookups/467,
283,JCP Specialty Foods,,"Jul 10, 2014",80.0,https://okjobmatch.com/search/warn_lookups/468,
284,UpSource,,"Mar 31, 2014",,https://okjobmatch.com/search/warn_lookups/469,
285,Crothall Healthcare,Tulsa,"Nov 17, 2014",250.0,https://okjobmatch.com/search/warn_lookups/471,"1120 S. Utica Ave; Tulsa, Oklahoma 74104"
286,Federal-Mogul Motorparts,,"Nov 03, 2014",176.0,https://okjobmatch.com/search/warn_lookups/472,
287,Simmons Foods,,"Oct 27, 2014",,https://okjobmatch.com/search/warn_lookups/473,
288,Reasor's,,"Sep 08, 2014",82.0,https://okjobmatch.com/search/warn_lookups/474,
289,Warehouse Market,,"Oct 16, 2014",30.0,https://okjobmatch.com/search/warn_lookups/475,
290,First American Bank,,"Oct 08, 2014",30.0,https://okjobmatch.com/search/warn_lookups/476,
291,Saks Fifth Avenue,,"Nov 12, 2014",22.0,https://okjobmatch.com/search/warn_lookups/477,
292,West Business Solutions,,"Dec 09, 2014",40.0,https://okjobmatch.com/search/warn_lookups/478,
293,ALCO Stores,,"Dec 17, 2014",50.0,https://okjobmatch.com/search/warn_lookups/479,
294,Spirit Aerosystems-Gulfstream Div.,,"Dec 09, 2014",,https://okjobmatch.com/search/warn_lookups/480,
295,Air System Component,,"Sep 12, 2014",75.0,https://okjobmatch.com/search/warn_lookups/490,
296,Alco Liquidation,,"Dec 17, 2014",36.0,https://okjobmatch.com/search/warn_lookups/491,
297,West Business Solutions,,"Dec 09, 2014",40.0,https://okjobmatch.com/search/warn_lookups/525,
298,Valley Timber,,"Jan 10, 2013",80.0,https://okjobmatch.com/search/warn_lookups/407,
299,Manheim Total Resource Auctions,,"Jan 10, 2013",31.0,https://okjobmatch.com/search/warn_lookups/406,
300,Umicore,,"Jan 22, 2013",34.0,https://okjobmatch.com/search/warn_lookups/408,
301,NOV Enerflow,,"Jan 22, 2013",24.0,https://okjobmatch.com/search/warn_lookups/409,
302,Sears,,"Jan 30, 2013",91.0,https://okjobmatch.com/search/warn_lookups/411,
303,Chromalloy,,"Jan 18, 2013",132.0,https://okjobmatch.com/search/warn_lookups/412,
304,Mercury Insurance Group,,"Feb 22, 2013",60.0,https://okjobmatch.com/search/warn_lookups/413,
305,Raytheon,,"Mar 13, 2013",,https://okjobmatch.com/search/warn_lookups/415,
306,CGI Federal,,"Apr 02, 2013",230.0,https://okjobmatch.com/search/warn_lookups/416,
307,Interim solutions for Government,,"Mar 04, 2013",94.0,https://okjobmatch.com/search/warn_lookups/418,
308,Beams Seatbelts,,"Jan 24, 2013",80.0,https://okjobmatch.com/search/warn_lookups/419,
309,Alorica,,"Apr 03, 2013",,https://okjobmatch.com/search/warn_lookups/420,
310,GEFCO,,"May 02, 2013",31.0,https://okjobmatch.com/search/warn_lookups/421,
311,RockTenn,,"Jul 17, 2013",52.0,https://okjobmatch.com/search/warn_lookups/422,
312,UPCO,,"Jun 27, 2013",10.0,https://okjobmatch.com/search/warn_lookups/423,
313,VPD,,"Jun 19, 2013",24.0,https://okjobmatch.com/search/warn_lookups/424,
314,Dollar Thrifty/Hertz,,"May 09, 2013",120.0,https://okjobmatch.com/search/warn_lookups/425,
315,Paramedics Plus,,"Aug 13, 2013",717.0,https://okjobmatch.com/search/warn_lookups/426,
316,AAA Club Partners,,"Sep 04, 2013",90.0,https://okjobmatch.com/search/warn_lookups/427,
317,Dish,,"Sep 09, 2013",51.0,https://okjobmatch.com/search/warn_lookups/428,
318,American Red Cross,,"Sep 20, 2013",16.0,https://okjobmatch.com/search/warn_lookups/429,
319,US Foods,,"Oct 03, 2013",,https://okjobmatch.com/search/warn_lookups/430,
320,Empire Castings,,"Oct 01, 2013",,https://okjobmatch.com/search/warn_lookups/431,
321,Chesapeake Energy Corporation,,"Oct 08, 2013",640.0,https://okjobmatch.com/search/warn_lookups/432,
322,Animal Health International,,"Sep 05, 2013",10.0,https://okjobmatch.com/search/warn_lookups/433,
323,iPacesetters,,"May 03, 2013",20.0,https://okjobmatch.com/search/warn_lookups/434,
324,ADFITECH,,"Oct 18, 2013",320.0,https://okjobmatch.com/search/warn_lookups/435,
325,NCO Financial,,"Nov 01, 2013",40.0,https://okjobmatch.com/search/warn_lookups/436,
326,Cameron Compression Systems,,"Nov 04, 2013",,https://okjobmatch.com/search/warn_lookups/437,
327,APAC Central,,"Nov 07, 2013",,https://okjobmatch.com/search/warn_lookups/438,
328,Newfield Exploration,,"Oct 10, 2013",30.0,https://okjobmatch.com/search/warn_lookups/439,
329,ETI Equipment,,"Oct 18, 2013",15.0,https://okjobmatch.com/search/warn_lookups/440,
330,KMK Enterprises,,"Dec 17, 2013",20.0,https://okjobmatch.com/search/warn_lookups/441,
331,OSU Physical Plant,,"Sep 13, 2013",,https://okjobmatch.com/search/warn_lookups/445,
332,Chickasaw Industries,,"Nov 22, 2013",40.0,https://okjobmatch.com/search/warn_lookups/448,
333,StarTek,,"Jan 04, 2012",207.0,https://okjobmatch.com/search/warn_lookups/377,
334,BREMNER Food Group,,"Feb 10, 2012",116.0,https://okjobmatch.com/search/warn_lookups/380,
335,Sykes,,"Jul 31, 2012",222.0,https://okjobmatch.com/search/warn_lookups/399,
336,"Dollar Thrifty Automotive Group, Inc",,"Jan 20, 2012",,https://okjobmatch.com/search/warn_lookups/378,
337,Tracker Marine Group,,"Feb 08, 2012",,https://okjobmatch.com/search/warn_lookups/379,
338,Assurant Solutions,,"Mar 29, 2012",175.0,https://okjobmatch.com/search/warn_lookups/382,
339,"Bremner Food Group, Inc.",,"Apr 02, 2012",122.0,https://okjobmatch.com/search/warn_lookups/384,
340,Northrop Grumman,,"Apr 26, 2012",57.0,https://okjobmatch.com/search/warn_lookups/385,
341,Beauty Alliance Inc. dba SalonCentric,,"May 01, 2012",,https://okjobmatch.com/search/warn_lookups/386,
342,BLITZ U. S. A.,,"Jun 12, 2012",116.0,https://okjobmatch.com/search/warn_lookups/387,
343,DMI Industries,,"Aug 06, 2012",176.0,https://okjobmatch.com/search/warn_lookups/389,
344,Sitel,,"Jun 28, 2012",332.0,https://okjobmatch.com/search/warn_lookups/390,
345,American Airlines,,"Sep 17, 2012",,https://okjobmatch.com/search/warn_lookups/391,
346,Turner Brothers Crane & Rigging,,"Jul 31, 2012",20.0,https://okjobmatch.com/search/warn_lookups/392,
347,Woodland View Care and Rehabilitation Ctr,,"Aug 13, 2012",71.0,https://okjobmatch.com/search/warn_lookups/393,
348,Cinch Connectors,,"Oct 01, 2012",115.0,https://okjobmatch.com/search/warn_lookups/394,
349,Xtreme Power Grove,,"Nov 16, 2012",,https://okjobmatch.com/search/warn_lookups/395,
350,Walgreens,,"Sep 10, 2012",435.0,https://okjobmatch.com/search/warn_lookups/396,
351,Simmons Metals,,"Oct 08, 2012",47.0,https://okjobmatch.com/search/warn_lookups/397,
352,BHP Billiton,,"Oct 17, 2012",126.0,https://okjobmatch.com/search/warn_lookups/401,
353,Hostess,,"May 04, 2012",,https://okjobmatch.com/search/warn_lookups/402,
354,Link America,,"Dec 07, 2012",36.0,https://okjobmatch.com/search/warn_lookups/403,
355,Samson Resources,,"Dec 11, 2012",70.0,https://okjobmatch.com/search/warn_lookups/404,
356,Halliburton,,"Dec 20, 2012",130.0,https://okjobmatch.com/search/warn_lookups/405,
357,Southern Oklahoma Resource Center,,"Nov 02, 2012",225.0,https://okjobmatch.com/search/warn_lookups/458,
358,Imation,,"Jan 19, 2011",107.0,https://okjobmatch.com/search/warn_lookups/352,
359,Mercury Marine,,"Jan 18, 2011",,https://okjobmatch.com/search/warn_lookups/358,
360,Valliant Public Schools,,"Feb 14, 2011",999.0,https://okjobmatch.com/search/warn_lookups/359,
361,Air Systems Components,,"Mar 21, 2011",63.0,https://okjobmatch.com/search/warn_lookups/362,
362,Gannett,,"Feb 07, 2011",150.0,https://okjobmatch.com/search/warn_lookups/353,
363,Ametek,,"Jan 27, 2011",,https://okjobmatch.com/search/warn_lookups/354,
364,L-3 STRATIS,,"Mar 21, 2011",43.0,https://okjobmatch.com/search/warn_lookups/355,
365,Zeledyne,,"May 31, 2011",325.0,https://okjobmatch.com/search/warn_lookups/356,
366,Owens & Minor,,"Mar 14, 2011",28.0,https://okjobmatch.com/search/warn_lookups/357,
367,Bremner Food Group,,"Apr 25, 2011",,https://okjobmatch.com/search/warn_lookups/363,
368,Simonton,,"Sep 02, 2011",,https://okjobmatch.com/search/warn_lookups/369,
369,United Health,,"Feb 02, 2011",30.0,https://okjobmatch.com/search/warn_lookups/360,
370,Geodyne,,"Mar 15, 2011",11.0,https://okjobmatch.com/search/warn_lookups/361,
371,Mutual of Omaha,,"Oct 12, 2011",53.0,https://okjobmatch.com/search/warn_lookups/372,
372,Security Metal Products,,"Dec 21, 2011",,https://okjobmatch.com/search/warn_lookups/376,
373,Office of Juvenile Affairs,,"May 04, 2011",132.0,https://okjobmatch.com/search/warn_lookups/365,
374,Evergreen Feed Mill,,"Jun 30, 2011",26.0,https://okjobmatch.com/search/warn_lookups/366,
375,VT Group,,"Aug 03, 2011",243.0,https://okjobmatch.com/search/warn_lookups/367,
376,The Logistics Company,,"Jul 20, 2011",,https://okjobmatch.com/search/warn_lookups/368,
377,L3 Communications,,"Sep 29, 2011",50.0,https://okjobmatch.com/search/warn_lookups/370,
378,Phoenix Healthcare,,"Oct 07, 2011",79.0,https://okjobmatch.com/search/warn_lookups/371,
379,Quad/Graphics,,"Oct 18, 2011",240.0,https://okjobmatch.com/search/warn_lookups/373,
380,TEREX Corporation,,"Nov 14, 2011",,https://okjobmatch.com/search/warn_lookups/374,
381,Solitaire,,"Dec 02, 2011",130.0,https://okjobmatch.com/search/warn_lookups/375,
382,Gatorade/Pepsico,,"Feb 18, 2010",107.0,https://okjobmatch.com/search/warn_lookups/312,
383,Gypsium/USG,,"Apr 05, 2010",,https://okjobmatch.com/search/warn_lookups/321,
384,Raytheon,,"Jan 15, 2010",152.0,https://okjobmatch.com/search/warn_lookups/311,
385,Corrections Corporation of America,,"Mar 08, 2010",335.0,https://okjobmatch.com/search/warn_lookups/322,
386,Interium Solutions for Government,,"Feb 09, 2010",60.0,https://okjobmatch.com/search/warn_lookups/313,
387,Blue Cross/Blue Shield,,"Jan 14, 2010",,https://okjobmatch.com/search/warn_lookups/314,
388,Zeledyne,,"Jan 27, 2010",206.0,https://okjobmatch.com/search/warn_lookups/315,
389,Tulsa Police Department,,"Jan 14, 2010",124.0,https://okjobmatch.com/search/warn_lookups/316,
390,HSBC Card Services,,"May 10, 2010",460.0,https://okjobmatch.com/search/warn_lookups/317,
391,High Sierra Energy,,"Apr 22, 2010",,https://okjobmatch.com/search/warn_lookups/318,
392,DHS,,"Mar 31, 2010",50.0,https://okjobmatch.com/search/warn_lookups/319,
393,DHS,,"May 20, 2010",30.0,https://okjobmatch.com/search/warn_lookups/341,
394,DHS,,"May 20, 2010",30.0,https://okjobmatch.com/search/warn_lookups/342,
395,Paetec,,"Jan 27, 2010",,https://okjobmatch.com/search/warn_lookups/324,
396,City of Tulsa,,"Jan 20, 2010",60.0,https://okjobmatch.com/search/warn_lookups/325,
397,URS,,"Aug 13, 2010",74.0,https://okjobmatch.com/search/warn_lookups/343,
398,Caterpillar,,"Jun 03, 2010",289.0,https://okjobmatch.com/search/warn_lookups/335,
399,U.S. Cellular,,"Jun 07, 2010",,https://okjobmatch.com/search/warn_lookups/336,
400,Noble Energy,,"Jun 09, 2010",61.0,https://okjobmatch.com/search/warn_lookups/337,
401,3M,,"Jun 16, 2010",125.0,https://okjobmatch.com/search/warn_lookups/338,
402,Mercury Insurance Group,,"Jun 01, 2010",40.0,https://okjobmatch.com/search/warn_lookups/339,
403,Office of Juvenile Affairs,,"May 22, 2010",,https://okjobmatch.com/search/warn_lookups/340,
404,Great Plains Correctional Facility,,"Aug 18, 2010",270.0,https://okjobmatch.com/search/warn_lookups/344,
405,WTSI,,"Oct 03, 2010",75.0,https://okjobmatch.com/search/warn_lookups/345,
406,Lufthansa Technik,,"Oct 25, 2010",59.0,https://okjobmatch.com/search/warn_lookups/346,
407,Plant Performance Service,,"Nov 15, 2010",63.0,https://okjobmatch.com/search/warn_lookups/347,
408,Principal Financial Group,,"Oct 22, 2010",6.0,https://okjobmatch.com/search/warn_lookups/348,
409,TowerWorx,,"Nov 10, 2010",,https://okjobmatch.com/search/warn_lookups/349,
410,Ryan Nursing Home,,"Oct 27, 2010",40.0,https://okjobmatch.com/search/warn_lookups/350,
411,United Health Group,,"Nov 09, 2010",51.0,https://okjobmatch.com/search/warn_lookups/351,
412,Tower Worx,,"Nov 10, 2010",23.0,https://okjobmatch.com/search/warn_lookups/364,
413,DHS,,"Mar 31, 2010",,https://okjobmatch.com/search/warn_lookups/320,
414,Weyerhaeuser,,"Mar 17, 2009",175.0,https://okjobmatch.com/search/warn_lookups/285,
415,"Tyson Foods, Inc.",,"Mar 27, 2009",606.0,https://okjobmatch.com/search/warn_lookups/288,
416,Lifetouch Inc.,,"Jan 06, 2009",130.0,https://okjobmatch.com/search/warn_lookups/276,
417,Circuit City Stores,,"Jan 18, 2009",137.0,https://okjobmatch.com/search/warn_lookups/277,
418,Thermu Tru,,"Jan 26, 2009",,https://okjobmatch.com/search/warn_lookups/278,
419,National Oilwell Varco,,"Feb 03, 2009",,https://okjobmatch.com/search/warn_lookups/279,
420,Jackie Cooper Transport Co.,,"Mar 06, 2009",36.0,https://okjobmatch.com/search/warn_lookups/280,
421,Jackie Cooper Transport Co.,,"Feb 06, 2009",12.0,https://okjobmatch.com/search/warn_lookups/281,
422,Limco,,"Feb 09, 2009",164.0,https://okjobmatch.com/search/warn_lookups/282,
423,Sportsman's Warehouse,,"Mar 11, 2009",63.0,https://okjobmatch.com/search/warn_lookups/283,
424,"Anderson Services, Inc.",,"Feb 24, 2009",69.0,https://okjobmatch.com/search/warn_lookups/284,
425,Cameron,,"May 19, 2009",,https://okjobmatch.com/search/warn_lookups/292,
426,"Exterran, Inc.",,"Mar 03, 2009",193.0,https://okjobmatch.com/search/warn_lookups/286,
427,American Woodmark,,"Mar 31, 2009",107.0,https://okjobmatch.com/search/warn_lookups/287,
428,Weyerhaeuser,,"Mar 17, 2009",175.0,https://okjobmatch.com/search/warn_lookups/296,
429,John Zink,,"Apr 04, 2009",,https://okjobmatch.com/search/warn_lookups/289,
430,Haliburton,,"Apr 01, 2009",200.0,https://okjobmatch.com/search/warn_lookups/290,
431,CDG Management,,"May 15, 2009",24.0,https://okjobmatch.com/search/warn_lookups/291,
432,TW and Company,,"Jul 29, 2009",38.0,https://okjobmatch.com/search/warn_lookups/304,
433,Paragon,,"May 15, 2009",,https://okjobmatch.com/search/warn_lookups/293,
434,Astellas Pharmaceutical,,"Apr 24, 2009",60.0,https://okjobmatch.com/search/warn_lookups/294,
435,MotorGuide,,"Jul 08, 2009",61.0,https://okjobmatch.com/search/warn_lookups/295,
436,Shaw Group,,"Jun 09, 2009",168.0,https://okjobmatch.com/search/warn_lookups/298,
437,Umicore,,"May 29, 2009",,https://okjobmatch.com/search/warn_lookups/299,
438,Haliburton,,"Jun 12, 2009",150.0,https://okjobmatch.com/search/warn_lookups/300,
439,Life Insurance Operations,,"Jun 12, 2009",100.0,https://okjobmatch.com/search/warn_lookups/301,
440,Paragon Industries,,"May 13, 2009",105.0,https://okjobmatch.com/search/warn_lookups/302,
441,Woodgroup,,"Mar 10, 2009",56.0,https://okjobmatch.com/search/warn_lookups/303,
442,Gerdau Ameristeel,,"Aug 17, 2009",396.0,https://okjobmatch.com/search/warn_lookups/307,
443,West Corp,,"Aug 12, 2009",183.0,https://okjobmatch.com/search/warn_lookups/308,
444,Oral Roberts University,,"Oct 12, 2009",124.0,https://okjobmatch.com/search/warn_lookups/309,
445,Blue Ribbon Downs,,"Oct 25, 2009",,https://okjobmatch.com/search/warn_lookups/310,
446,DHS,,"Dec 15, 2009",93.0,https://okjobmatch.com/search/warn_lookups/329,
447,Oklahoma Department of Corrections,,"Mar 10, 2009",20.0,https://okjobmatch.com/search/warn_lookups/323,
448,Thermu Tru Doors,,"Jan 26, 2009",220.0,https://okjobmatch.com/search/warn_lookups/326,
449,Arrow Trucking,,"Dec 21, 2009",,https://okjobmatch.com/search/warn_lookups/327,
450,"Benefit Vision, Inc.",,"Dec 08, 2009",50.0,https://okjobmatch.com/search/warn_lookups/328,
451,DHS,,"Dec 07, 2009",50.0,https://okjobmatch.com/search/warn_lookups/330,
452,John Zink,,"Nov 15, 2009",40.0,https://okjobmatch.com/search/warn_lookups/331,
453,Old Time Pottery,,"Nov 27, 2009",,https://okjobmatch.com/search/warn_lookups/332,
454,Office of Juvenile Affairs,,"Oct 19, 2009",75.0,https://okjobmatch.com/search/warn_lookups/333,
455,West Corporation,,"Aug 12, 2009",250.0,https://okjobmatch.com/search/warn_lookups/334,
456,Imation,,"Jan 29, 2008",30.0,https://okjobmatch.com/search/warn_lookups/242,
457,National Standard,,"Oct 30, 2008",65.0,https://okjobmatch.com/search/warn_lookups/268,
458,Pinnacle Business Solutions,,"Jan 08, 2008",50.0,https://okjobmatch.com/search/warn_lookups/239,
459,Corporate Express,,"Jan 07, 2008",,https://okjobmatch.com/search/warn_lookups/240,
460,Steelcraft Industries,,"Jan 30, 2008",,https://okjobmatch.com/search/warn_lookups/241,
461,Bartlett Collins,,"Jan 30, 2008",425.0,https://okjobmatch.com/search/warn_lookups/244,
462,Dover Norris,,"Feb 28, 2008",24.0,https://okjobmatch.com/search/warn_lookups/245,
463,Trase Miller,,"Feb 26, 2008",30.0,https://okjobmatch.com/search/warn_lookups/246,
464,Pinnacle Business Solutions,,"Apr 28, 2008",70.0,https://okjobmatch.com/search/warn_lookups/247,
465,Georgia Gulf,,"Apr 09, 2008",22.0,https://okjobmatch.com/search/warn_lookups/248,
466,Hertz,,"May 07, 2008",40.0,https://okjobmatch.com/search/warn_lookups/249,
467,Georgia Pacific,,"Jun 16, 2008",,https://okjobmatch.com/search/warn_lookups/250,
468,1-800-flowers.com,,"Jul 02, 2008",,https://okjobmatch.com/search/warn_lookups/251,
469,Hertz,,"May 07, 2008",40.0,https://okjobmatch.com/search/warn_lookups/252,
470,Nautilus,,"Jul 27, 2008",148.0,https://okjobmatch.com/search/warn_lookups/253,
471,Hertz,,"May 07, 2008",78.0,https://okjobmatch.com/search/warn_lookups/254,
472,Oklahoma County Workforce Center,,"Aug 13, 2008",35.0,https://okjobmatch.com/search/warn_lookups/255,
473,Biomet,,"Jan 04, 2008",90.0,https://okjobmatch.com/search/warn_lookups/256,
474,Labinal,,"Oct 06, 2008",474.0,https://okjobmatch.com/search/warn_lookups/260,
475,American Wood Mark,,"Oct 23, 2008",52.0,https://okjobmatch.com/search/warn_lookups/261,
476,"Dillards, Inc",,"Oct 28, 2008",137.0,https://okjobmatch.com/search/warn_lookups/263,
477,Trinity Rail,,"Nov 03, 2008",254.0,https://okjobmatch.com/search/warn_lookups/264,
478,Xerox,,"Nov 05, 2008",101.0,https://okjobmatch.com/search/warn_lookups/265,
479,Harold's Distsribution Center,,"Nov 03, 2008",56.0,https://okjobmatch.com/search/warn_lookups/266,
480,Valley View Hospital,,"Oct 30, 2008",127.0,https://okjobmatch.com/search/warn_lookups/267,
481,Trinity Structural Towers,,"Nov 17, 2008",132.0,https://okjobmatch.com/search/warn_lookups/269,
482,Gatorade,,"Dec 01, 2008",,https://okjobmatch.com/search/warn_lookups/270,
483,Gerdau Ameristeel,,"Dec 11, 2008",150.0,https://okjobmatch.com/search/warn_lookups/271,
484,Rexam,,"Dec 10, 2008",82.0,https://okjobmatch.com/search/warn_lookups/272,
485,Aearo Technologies,,"Dec 15, 2008",60.0,https://okjobmatch.com/search/warn_lookups/273,
486,Kaiser Aluminum,,"Dec 18, 2008",,https://okjobmatch.com/search/warn_lookups/274,
487,Roadway Express,,"Dec 30, 2008",93.0,https://okjobmatch.com/search/warn_lookups/275,
488,Leedy Nursing Home,,"Aug 02, 2007",52.0,https://okjobmatch.com/search/warn_lookups/231,
489,Imation,,"May 09, 2007",100.0,https://okjobmatch.com/search/warn_lookups/233,
490,Great Plains Correctional Facilit,,"Jan 12, 2007",102.0,https://okjobmatch.com/search/warn_lookups/219,
491,First American Solutions,,"Apr 20, 2007",,https://okjobmatch.com/search/warn_lookups/220,
492,Eaton Corporation,,"Apr 24, 2007",100.0,https://okjobmatch.com/search/warn_lookups/221,
493,Eaton Hydraulics,,"Apr 12, 2007",100.0,https://okjobmatch.com/search/warn_lookups/223,
494,Dollar Thrifty Automotive,,"Apr 19, 2007",160.0,https://okjobmatch.com/search/warn_lookups/224,
495,Franchise Foods,,"May 18, 2007",,https://okjobmatch.com/search/warn_lookups/225,
496,Dollar Thrifty Automotive,,"Apr 19, 2007",160.0,https://okjobmatch.com/search/warn_lookups/226,
497,Albertsons,,"Jun 19, 2007",114.0,https://okjobmatch.com/search/warn_lookups/227,
498,Albertsons,,"Jun 19, 2007",103.0,https://okjobmatch.com/search/warn_lookups/228,
499,Albertsons,,"Jun 19, 2007",103.0,https://okjobmatch.com/search/warn_lookups/229,
500,Walter B. Hall Energy,,"Jul 25, 2007",52.0,https://okjobmatch.com/search/warn_lookups/230,
501,Haulmark Trailers,,"Jul 26, 2007",100.0,https://okjobmatch.com/search/warn_lookups/232,
502,First Data,,"Jul 30, 2007",240.0,https://okjobmatch.com/search/warn_lookups/236,
503,First Data,,"Jul 30, 2007",240.0,https://okjobmatch.com/search/warn_lookups/237,
504,Great Plains Correctional Facilit,,"Jan 12, 2007",102.0,https://okjobmatch.com/search/warn_lookups/238,
505,Macy's,,"Dec 28, 2007",58.0,https://okjobmatch.com/search/warn_lookups/243,
506,Johnson Controls,,"Jan 25, 2006",286.0,https://okjobmatch.com/search/warn_lookups/192,
507,Collins & Aikman,,"Jan 05, 2006",84.0,https://okjobmatch.com/search/warn_lookups/193,
508,Penske Logistics,,"Jan 06, 2006",30.0,https://okjobmatch.com/search/warn_lookups/194,
509,Logistics Services(LSI),,"Jan 06, 2006",108.0,https://okjobmatch.com/search/warn_lookups/196,
510,Flex-n-gate,,"Feb 14, 2006",110.0,https://okjobmatch.com/search/warn_lookups/203,
511,Eaton Corporation,,"Apr 07, 2006",190.0,https://okjobmatch.com/search/warn_lookups/204,
512,Delta Faucet,,"Jan 17, 2006",586.0,https://okjobmatch.com/search/warn_lookups/205,
513,General Motors,,"Jan 25, 2006",2400.0,https://okjobmatch.com/search/warn_lookups/206,
514,APAC,,"Sep 23, 2006",262.0,https://okjobmatch.com/search/warn_lookups/207,
515,Eaton Corporation,,"Jul 07, 2006",106.0,https://okjobmatch.com/search/warn_lookups/208,
516,Ethan Allen Operations,,"Sep 06, 2006",176.0,https://okjobmatch.com/search/warn_lookups/209,
517,America On Line (AOL),,"Dec 01, 2006",900.0,https://okjobmatch.com/search/warn_lookups/210,
518,Eaton Corporation,,"Sep 07, 2006",190.0,https://okjobmatch.com/search/warn_lookups/211,
519,Ferrania,,"Jun 05, 2006",51.0,https://okjobmatch.com/search/warn_lookups/212,
520,Amerisource Bergen,,"Mar 01, 2006",58.0,https://okjobmatch.com/search/warn_lookups/213,
521,Matrix Telecom (DCA),,"Aug 03, 2006",50.0,https://okjobmatch.com/search/warn_lookups/214,
522,PW Eagle,,"Feb 02, 2006",49.0,https://okjobmatch.com/search/warn_lookups/215,
523,Dixon Motors,,"Jun 07, 2006",200.0,https://okjobmatch.com/search/warn_lookups/216,
524,DFAS (Defense Agency),,"Feb 10, 2006",115.0,https://okjobmatch.com/search/warn_lookups/217,
525,Dayton Tire/Bridgestone Firestone,,"Apr 28, 2006",1475.0,https://okjobmatch.com/search/warn_lookups/218,
526,Dollar Thrifty Automotive,,"Jul 31, 2006",160.0,https://okjobmatch.com/search/warn_lookups/222,
527,ASEC DELPHI,,"Jan 22, 2006",400.0,https://okjobmatch.com/search/warn_lookups/297,
528,Bridgestone/Firestone,,"Sep 20, 2006",700.0,https://okjobmatch.com/search/warn_lookups/305,
529,Weyerhaeuser,,"Oct 24, 2005",250.0,https://okjobmatch.com/search/warn_lookups/200,
530,Golden Peanut,,"Apr 21, 2005",80.0,https://okjobmatch.com/search/warn_lookups/183,
531,Corrections Corporation of America,,"May 10, 2005",397.0,https://okjobmatch.com/search/warn_lookups/184,
532,Boeing,,"Jun 01, 2005",65.0,https://okjobmatch.com/search/warn_lookups/185,
533,Seagate Technology,,"Jan 27, 2005",16.0,https://okjobmatch.com/search/warn_lookups/186,
534,Eaton Hydraulics,,"Jun 16, 2005",65.0,https://okjobmatch.com/search/warn_lookups/187,
535,Yamanouchi,,"Jun 02, 2005",170.0,https://okjobmatch.com/search/warn_lookups/188,
536,Arvin Meritor,,"Sep 13, 2005",275.0,https://okjobmatch.com/search/warn_lookups/189,
537,Laufen International,,"Jul 27, 2005",,https://okjobmatch.com/search/warn_lookups/190,
538,Renaissance Women's Hospital,,"Jul 10, 2005",100.0,https://okjobmatch.com/search/warn_lookups/191,
539,Federal Reserve Bank,,"Nov 01, 2005",150.0,https://okjobmatch.com/search/warn_lookups/195,
540,IRS,,"Jul 12, 2005",12.0,https://okjobmatch.com/search/warn_lookups/197,
541,DISA,,"Sep 16, 2005",15.0,https://okjobmatch.com/search/warn_lookups/199,
542,Unit Parts,,"Apr 20, 2005",500.0,https://okjobmatch.com/search/warn_lookups/201,
543,Jackie Cooper Transport,,"Nov 30, 2005",52.0,https://okjobmatch.com/search/warn_lookups/202,
544,Bakeline,,"Jan 12, 2004",400.0,https://okjobmatch.com/search/warn_lookups/159,
545,Tyco Plastics & Adhesives,,"Jan 09, 2004",96.0,https://okjobmatch.com/search/warn_lookups/154,
546,Sykes,,"Jan 07, 2004",440.0,https://okjobmatch.com/search/warn_lookups/156,
547,Waterloo Industries,,"Feb 05, 2004",200.0,https://okjobmatch.com/search/warn_lookups/163,
548,K Mart,,"Mar 01, 2004",,https://okjobmatch.com/search/warn_lookups/164,
549,Cottonwood Manor,,"Mar 04, 2004",80.0,https://okjobmatch.com/search/warn_lookups/165,
550,Valtimet,,"Apr 07, 2004",61.0,https://okjobmatch.com/search/warn_lookups/166,
551,Kwikset,,"Apr 19, 2004",1000.0,https://okjobmatch.com/search/warn_lookups/167,
552,Frybrant,,"Jun 07, 2004",30.0,https://okjobmatch.com/search/warn_lookups/168,
553,"ACH Food Companies, Inc.",,"Jun 04, 2004",84.0,https://okjobmatch.com/search/warn_lookups/169,
554,Gerber Coburn,,"Jun 28, 2004",130.0,https://okjobmatch.com/search/warn_lookups/170,
555,Parker Hannifin Corporation,,"Jul 16, 2004",51.0,https://okjobmatch.com/search/warn_lookups/171,
556,TCM,,"Jul 15, 2004",130.0,https://okjobmatch.com/search/warn_lookups/172,
557,Pleasant Hill/King Louie,,"Jul 13, 2004",32.0,https://okjobmatch.com/search/warn_lookups/173,
558,"Saxon Publishers, Inc.",,"Jul 07, 2004",208.0,https://okjobmatch.com/search/warn_lookups/174,
559,Sunoco,,"Aug 10, 2004",70.0,https://okjobmatch.com/search/warn_lookups/175,
560,Seagate Technology,,"Jun 14, 2004",45.0,https://okjobmatch.com/search/warn_lookups/176,
561,McClain Mfg.,,"Aug 20, 2004",,https://okjobmatch.com/search/warn_lookups/177,
562,Aegis Corporation,,"Oct 06, 2004",43.0,https://okjobmatch.com/search/warn_lookups/179,
563,Fleming,,"Oct 04, 2004",52.0,https://okjobmatch.com/search/warn_lookups/180,
564,Boeing,,"Oct 08, 2004",15.0,https://okjobmatch.com/search/warn_lookups/181,
565,Johnson Controls,,"Dec 10, 2004",,https://okjobmatch.com/search/warn_lookups/182,
566,Outdoor Cap Incorporated,,"Jul 07, 2004",,https://okjobmatch.com/search/warn_lookups/198,
567,Arvin Meritor,,"Aug 20, 2004",150.0,https://okjobmatch.com/search/warn_lookups/234,
568,Arvin Meritor,,"Aug 20, 2004",150.0,https://okjobmatch.com/search/warn_lookups/235,
569,VF Jeanswear (Wrangler),,"Jul 28, 2003",663.0,https://okjobmatch.com/search/warn_lookups/1,
570,Surgical Specialties,,"Jul 21, 2003",82.0,https://okjobmatch.com/search/warn_lookups/2,
571,Hilti,,"Apr 03, 2003",141.0,https://okjobmatch.com/search/warn_lookups/3,
572,Nordam,,"Apr 08, 2003",85.0,https://okjobmatch.com/search/warn_lookups/83,
573,VF Jeanswear (Wrangler),,"Aug 05, 2003",246.0,https://okjobmatch.com/search/warn_lookups/85,
574,VF Imagewear (Wrangler),,"Jul 18, 2003",663.0,https://okjobmatch.com/search/warn_lookups/87,
575,Oklahoma City Board of Education,,"May 07, 2003",,https://okjobmatch.com/search/warn_lookups/89,
576,South western Bell Communications (SBC),,"Jan 16, 2003",173.0,https://okjobmatch.com/search/warn_lookups/92,
577,WorldCom,,"Mar 05, 2003",84.0,https://okjobmatch.com/search/warn_lookups/93,
578,Biomerieux,,"Oct 30, 2003",103.0,https://okjobmatch.com/search/warn_lookups/98,
579,Science Applications International Coorporatin,,"Jan 12, 2003",,https://okjobmatch.com/search/warn_lookups/102,
580,K Mart,,"Mar 05, 2003",90.0,https://okjobmatch.com/search/warn_lookups/103,
581,CellXion,,"Feb 20, 2003",65.0,https://okjobmatch.com/search/warn_lookups/105,
582,Dominion Correctional Services,,"Feb 21, 2003",142.0,https://okjobmatch.com/search/warn_lookups/107,
583,Sara Lee Coffee and Tea,,"Mar 27, 2003",,https://okjobmatch.com/search/warn_lookups/108,
584,Charles Komar,,"Jun 03, 2003",105.0,https://okjobmatch.com/search/warn_lookups/135,
585,Hormel Foods,,"Feb 12, 2003",160.0,https://okjobmatch.com/search/warn_lookups/110,
586,Celestica,,"Mar 03, 2003",450.0,https://okjobmatch.com/search/warn_lookups/113,
587,VF Imageware (Wrangler),,"Jan 28, 2003",199.0,https://okjobmatch.com/search/warn_lookups/115,
588,VF Imagewear (Wrangler),,"Jan 29, 2003",97.0,https://okjobmatch.com/search/warn_lookups/116,
589,Boeing,,"Jan 13, 2003",52.0,https://okjobmatch.com/search/warn_lookups/118,
590,Tyson Foods,,"Jan 10, 2003",,https://okjobmatch.com/search/warn_lookups/119,
591,Pro-Fab,,"Jun 02, 2003",40.0,https://okjobmatch.com/search/warn_lookups/120,
592,North Fork Correctional Facility,,"Jun 12, 2003",235.0,https://okjobmatch.com/search/warn_lookups/138,
593,CMS Energy,,"Jun 11, 2003",61.0,https://okjobmatch.com/search/warn_lookups/137,
594,Hanover Company,,"Jun 11, 2003",87.0,https://okjobmatch.com/search/warn_lookups/139,
595,Marathon Oil,,"Oct 06, 2003",30.0,https://okjobmatch.com/search/warn_lookups/153,
596,Siemens Dematic,,"Dec 02, 2003",65.0,https://okjobmatch.com/search/warn_lookups/155,
597,Schrader Bridgeport,,"Nov 04, 2003",207.0,https://okjobmatch.com/search/warn_lookups/157,
598,Heartland/Schaller Anderson,,"Nov 21, 2003",81.0,https://okjobmatch.com/search/warn_lookups/158,
599,Fleming,,"Jul 21, 2003",243.0,https://okjobmatch.com/search/warn_lookups/160,
600,Fleming,,"Sep 23, 2003",125.0,https://okjobmatch.com/search/warn_lookups/161,
601,Fleming,,"Sep 23, 2003",212.0,https://okjobmatch.com/search/warn_lookups/162,
602,Conoco / Phillips,,"Mar 06, 2003",106.0,https://okjobmatch.com/search/warn_lookups/91,
603,Quebecor World,,"Jan 07, 2002",219.0,https://okjobmatch.com/search/warn_lookups/4,
604,Siemens Health Services,,"Feb 12, 2002",34.0,https://okjobmatch.com/search/warn_lookups/5,
605,Seagate Technology,,"Feb 18, 2002",60.0,https://okjobmatch.com/search/warn_lookups/8,
606,Dana Corporation,,"Feb 11, 2002",200.0,https://okjobmatch.com/search/warn_lookups/9,
607,Boeing,,"Jan 15, 2002",65.0,https://okjobmatch.com/search/warn_lookups/13,
608,National Steak and Poulry,,"Feb 10, 2002",51.0,https://okjobmatch.com/search/warn_lookups/15,
609,KVP Falcon,,"Jan 23, 2002",52.0,https://okjobmatch.com/search/warn_lookups/17,
610,National Steak and Poultry,,"Feb 08, 2002",65.0,https://okjobmatch.com/search/warn_lookups/20,
611,Dana Corporation / Wix Division,,"Feb 11, 2002",181.0,https://okjobmatch.com/search/warn_lookups/24,
612,Seagate Technology,,"Feb 18, 2002",60.0,https://okjobmatch.com/search/warn_lookups/27,
613,Grede Foundry,,"Feb 26, 2002",60.0,https://okjobmatch.com/search/warn_lookups/28,
614,"Simmons Foods, Inc",,"Feb 19, 2002",400.0,https://okjobmatch.com/search/warn_lookups/22,
615,Siemans Health Services,,"Feb 12, 2002",34.0,https://okjobmatch.com/search/warn_lookups/30,
616,Quebecor World,,"Jan 07, 2002",219.0,https://okjobmatch.com/search/warn_lookups/32,
617,Oklahoma City University,,"Apr 10, 2002",,https://okjobmatch.com/search/warn_lookups/36,
618,K Mart,,"Mar 12, 2002",80.0,https://okjobmatch.com/search/warn_lookups/38,
619,K Mart,,"Mar 13, 2002",90.0,https://okjobmatch.com/search/warn_lookups/40,
620,Duraline,,"Oct 14, 2002",51.0,https://okjobmatch.com/search/warn_lookups/43,
621,Celestica,,"Jul 12, 2002",140.0,https://okjobmatch.com/search/warn_lookups/44,
622,Celestica,,"Jul 12, 2002",140.0,https://okjobmatch.com/search/warn_lookups/45,
623,Celestica,,"Jul 12, 2002",140.0,https://okjobmatch.com/search/warn_lookups/46,
624,Celestica,,"Jul 12, 2002",110.0,https://okjobmatch.com/search/warn_lookups/47,
625,Weyerhauser,,"Jun 04, 2002",37.0,https://okjobmatch.com/search/warn_lookups/49,
626,Boeing,,"Mar 14, 2002",60.0,https://okjobmatch.com/search/warn_lookups/50,
627,Lockheed Martin,,"Jun 15, 2002",72.0,https://okjobmatch.com/search/warn_lookups/51,
628,Flight Safety,,"Sep 05, 2002",37.0,https://okjobmatch.com/search/warn_lookups/52,
629,Gulfstream Aerospace,,"Jul 18, 2002",31.0,https://okjobmatch.com/search/warn_lookups/53,
630,Weyerhouser,,"Aug 30, 2002",22.0,https://okjobmatch.com/search/warn_lookups/54,
631,Unit Rig/Terex,,"May 28, 2002",31.0,https://okjobmatch.com/search/warn_lookups/55,
632,K Mart,,"Mar 29, 2002",60.0,https://okjobmatch.com/search/warn_lookups/56,
633,Trinity Rail Group,,"Jul 10, 2002",118.0,https://okjobmatch.com/search/warn_lookups/57,
634,Fleming,,"May 07, 2002",112.0,https://okjobmatch.com/search/warn_lookups/58,
635,AmCare Health Plan,,"Aug 09, 2002",51.0,https://okjobmatch.com/search/warn_lookups/59,
636,Oklahoma City Public Schools,,"Jul 15, 2002",21.0,https://okjobmatch.com/search/warn_lookups/60,
637,Reuters Financial Services,,"Jul 23, 2002",33.0,https://okjobmatch.com/search/warn_lookups/61,
638,Eagle Picher Technologies,,"Apr 12, 2002",30.0,https://okjobmatch.com/search/warn_lookups/62,
639,Gulfstream Aerospace,,"Mar 26, 2002",38.0,https://okjobmatch.com/search/warn_lookups/63,
640,Gulfstream Aerospace,,"Apr 18, 2002",54.0,https://okjobmatch.com/search/warn_lookups/64,
641,Boeing,,"Apr 11, 2002",65.0,https://okjobmatch.com/search/warn_lookups/68,
642,Vac Magnetics,,"May 01, 2002",51.0,https://okjobmatch.com/search/warn_lookups/72,
643,Hy-Tech Mfg,,"Jan 13, 2002",35.0,https://okjobmatch.com/search/warn_lookups/75,
644,Haliburton Coorperation,,"Jan 17, 2002",95.0,https://okjobmatch.com/search/warn_lookups/78,
645,EATON Company,,"Jun 18, 2002",,https://okjobmatch.com/search/warn_lookups/81,
646,Fleming,,"May 07, 2002",81.0,https://okjobmatch.com/search/warn_lookups/94,
647,Worthington Cylinder,,"Mar 18, 2002",46.0,https://okjobmatch.com/search/warn_lookups/95,
648,Unit Rig/Terex,,"Jun 01, 2002",37.0,https://okjobmatch.com/search/warn_lookups/97,
649,Ceco Doors,,"Oct 01, 2002",139.0,https://okjobmatch.com/search/warn_lookups/114,
650,Seminole Fire Department,,"Jun 03, 2002",17.0,https://okjobmatch.com/search/warn_lookups/117,
651,VF Imageware (Wrangler),,"Nov 21, 2002",47.0,https://okjobmatch.com/search/warn_lookups/121,
652,VF Jeanswear (Wrangler),,"Oct 25, 2002",,https://okjobmatch.com/search/warn_lookups/122,
653,Farley's & Sathers Candy Co Inc,,"Jul 09, 2002",160.0,https://okjobmatch.com/search/warn_lookups/123,
654,Celestica,,"Aug 12, 2002",60.0,https://okjobmatch.com/search/warn_lookups/124,
655,WorldCom Inc,,"Jun 27, 2002",155.0,https://okjobmatch.com/search/warn_lookups/125,
656,"VarTec CRM, Inc",,"May 31, 2002",358.0,https://okjobmatch.com/search/warn_lookups/126,
657,"Staples, Inc",,"Feb 06, 2002",200.0,https://okjobmatch.com/search/warn_lookups/127,
658,"Pratt & Whitney Services, Inc",,"Mar 27, 2002",160.0,https://okjobmatch.com/search/warn_lookups/128,
659,Gulfstream Aerospace Technologies,,"Feb 06, 2002",124.0,https://okjobmatch.com/search/warn_lookups/129,
660,Young America,,"Apr 02, 2002",217.0,https://okjobmatch.com/search/warn_lookups/130,
661,Hy-Tech Manufacturing,,"Jan 23, 2002",20.0,https://okjobmatch.com/search/warn_lookups/132,
662,Surgical Specialities Supply,,"Oct 25, 2002",82.0,https://okjobmatch.com/search/warn_lookups/136,
663,International Business Machines (IBM),,"Nov 26, 2002",350.0,https://okjobmatch.com/search/warn_lookups/306,
664,K Mart,,"Mar 14, 2002",70.0,https://okjobmatch.com/search/warn_lookups/34,
665,Lifeline/AmeriVision,,"Jan 13, 2000",75.0,https://okjobmatch.com/search/warn_lookups/10,
666,Windsor Group,,"Oct 25, 2000",162.0,https://okjobmatch.com/search/warn_lookups/11,
667,Zebco,,"Oct 03, 2000",15.0,https://okjobmatch.com/search/warn_lookups/26,
668,South Texas Can,,"Nov 28, 2000",47.0,https://okjobmatch.com/search/warn_lookups/33,
669,Adams-Hardfacing Co.,,"Oct 20, 2000",67.0,https://okjobmatch.com/search/warn_lookups/29,
670,Imation,,"Oct 05, 2000",125.0,https://okjobmatch.com/search/warn_lookups/35,
671,Award Design,,"Nov 28, 2000",85.0,https://okjobmatch.com/search/warn_lookups/39,
672,TDK,,"Dec 02, 2000",300.0,https://okjobmatch.com/search/warn_lookups/41,
673,Zebco,,"Dec 07, 2000",,https://okjobmatch.com/search/warn_lookups/42,
674,Bridgestone Firestone/Dayton Tire,,"Nov 17, 2000",660.0,https://okjobmatch.com/search/warn_lookups/65,
675,VF Imagewear,,"Dec 15, 2000",84.0,https://okjobmatch.com/search/warn_lookups/66,
676,Lyntone Belts,,"Feb 03, 2000",21.0,https://okjobmatch.com/search/warn_lookups/147,
677,Diamond Exteriors,,"Feb 14, 2000",10.0,https://okjobmatch.com/search/warn_lookups/148,
678,Evergreen Mills,,"Jan 26, 2000",22.0,https://okjobmatch.com/search/warn_lookups/149,
679,Select Specialty Hospital,,"Nov 05, 1999",87.0,https://okjobmatch.com/search/warn_lookups/19,
680,Seagate Technology Inc,,"Dec 06, 1999",157.0,https://okjobmatch.com/search/warn_lookups/145,
681,CFM Manufacturing,,"Dec 29, 1999",31.0,https://okjobmatch.com/search/warn_lookups/146,
